{
    "mec": {
        "R=I": {
            "298": [
                2.1757017831042536,
                4.832099086983306e-15
            ]
        },
        "I=P": {
            "298": [
                2.1757017831042536,
                4.832099086983306e-15
            ]
        }
    },
    "time": "0 8 1000",
    "initial_values": {
        "R": 1
    }
}
