# t(s)   slab-O_fcc    slab-OH_fcc    slab-H2O    H2O  
0.000000000000000000e+00 1.000000000000000000e+00 0.000000000000000000e+00 0.000000000000000000e+00 0.000000000000000000e+00
1.001001001001000992e-02 9.983793787932321306e-01 1.620620804844707507e-03 2.170808676986480460e-12 3.997514489560935557e-10
2.002002002002001985e-02 9.967614804683377905e-01 3.238517924647826840e-03 8.679585582474869351e-12 1.598333819068975401e-09
3.003003003003002977e-02 9.951463016768770098e-01 4.853694708849181152e-03 1.952092669195246263e-11 3.594751966609588198e-09
4.004004004004003969e-02 9.935338382947869196e-01 6.466155282743739352e-03 3.468817620736731558e-11 6.387780235462258670e-09
5.005005005005004615e-02 9.919240857453893723e-01 8.075904224377353571e-03 5.417394786117095278e-11 9.976058454551758916e-09
6.006006006006005954e-02 9.903170395518599012e-01 9.682946011912113224e-03 7.797101653816940149e-11 1.435825612878872007e-08
7.007007007007007293e-02 9.887126974161363213e-01 1.128728294409685716e-02 1.060756734192120715e-10 1.953369028419488166e-08
8.008008008008007939e-02 9.871110545022310223e-01 1.288891985836430887e-02 1.384801137386666036e-10 2.550092368384477387e-08
9.009009009009008584e-02 9.855121054901954114e-01 1.448786207625278426e-02 1.751757516745591390e-10 3.225837526035501889e-08
1.001001001001000923e-01 9.839158458973649157e-01 1.608411408176614252e-02 2.161553527029530370e-10 3.980471278602920320e-08
1.101101101101101126e-01 9.823222697107277801e-01 1.767768188971297408e-02 2.614092124685917838e-10 4.813814921710850240e-08
1.201201201201201191e-01 9.807313728413481480e-01 1.926856959025096891e-02 3.109307318860691202e-10 5.725746934103334662e-08
1.301301301301301394e-01 9.791431508431978070e-01 2.085678163073682173e-02 3.647127355581081252e-10 6.716135181820082359e-08
1.401401401401401459e-01 9.775575985043706284e-01 2.244232322463407883e-02 4.227468120359875351e-10 7.784824769182373445e-08
1.501501501501501523e-01 9.759747121566254568e-01 2.402519804127998398e-02 4.850270412045620972e-10 8.931706678078847860e-08
1.601601601601601588e-01 9.743944868793069647e-01 2.560541100280006727e-02 5.515454816648035009e-10 1.015663466873164764e-07
1.701701701701701652e-01 9.728169183321299096e-01 2.718296645077665497e-02 6.222951286916148522e-10 1.145947975008535525e-07
1.801801801801801717e-01 9.712420022801085961e-01 2.875786862146088863e-02 6.972691475088526828e-10 1.284011606067131143e-07
1.901901901901901781e-01 9.696697340761649686e-01 3.033012216331925151e-02 7.764600382422993048e-10 1.429840549133071500e-07
2.002002002002001846e-01 9.681001092513298323e-01 3.189973154665659560e-02 8.598605884765917107e-10 1.583421522642028093e-07
2.102102102102102188e-01 9.665331234401708382e-01 3.346670113820936904e-02 9.474637529178700050e-10 1.744741552781631161e-07
2.202202202202202252e-01 9.649687722730485584e-01 3.503103530892288237e-02 1.039262479480651004e-09 1.913787653232828601e-07
2.302302302302302317e-01 9.634070512500231276e-01 3.659273856008164738e-02 1.135249505759780231e-09 2.090546450375776878e-07
2.402402402402402382e-01 9.618479559337204110e-01 3.815181533038557171e-02 1.235417670338713319e-09 2.275004756559773817e-07
2.502502502502502724e-01 9.602914819722054851e-01 3.970826997307008721e-02 1.339759949721320699e-09 2.467149638112685898e-07
2.602602602602602788e-01 9.587376249766316194e-01 4.126210687829322959e-02 1.448269260826679151e-09 2.666968051637793028e-07
2.702702702702702853e-01 9.571863804952631671e-01 4.281333049912106753e-02 1.560938419054501108e-09 2.874446766791844815e-07
2.802802802802802917e-01 9.556377441123533600e-01 4.436194525261961258e-02 1.677760297900481082e-09 3.089572660214551498e-07
2.902902902902902982e-01 9.540917115495864964e-01 4.590795541838309235e-02 1.798727992704928985e-09 3.312333017069444896e-07
3.003003003003003046e-01 9.525482783477843274e-01 4.745136545692216906e-02 1.923834306854882638e-09 3.542714584892104996e-07
3.103103103103103111e-01 9.510074401460870686e-01 4.899217973039970975e-02 2.053072202445798229e-09 3.780704403477489575e-07
3.203203203203203175e-01 9.494691925421860912e-01 5.053040264243968682e-02 2.186434574665393942e-09 4.026289389410874445e-07
3.303303303303303240e-01 9.479335314964294490e-01 5.206603823390123370e-02 2.323914904088143725e-09 4.279457537259249342e-07
3.403403403403403304e-01 9.464004524972462473e-01 5.359909101770319456e-02 2.465505909535678994e-09 4.540195438832150928e-07
3.503503503503503369e-01 9.448699511106101179e-01 5.512956542919708602e-02 2.611200434998820247e-09 4.808489916436463213e-07
3.603603603603603434e-01 9.433420229850320027e-01 5.665746582117203722e-02 2.760991457698108025e-09 5.084328037719782684e-07
3.703703703703703498e-01 9.418166637766293148e-01 5.818279653880875646e-02 2.914871967132033887e-09 5.367696892939383710e-07
3.803803803803803563e-01 9.402938691491252721e-01 5.970556191967952425e-02 3.072834965077040415e-09 5.658583594962220651e-07
3.903903903903903627e-01 9.387736347738496745e-01 6.122576629374822110e-02 3.234873465587522862e-09 5.956975279264925750e-07
4.004004004004003692e-01 9.372559563297381269e-01 6.274341398337029974e-02 3.400980494995826675e-09 6.262859103933813360e-07
4.104104104104104311e-01 9.357408295033323720e-01 6.425850930329284061e-02 3.571149091912250392e-09 6.576222249664875712e-07
4.204204204204204376e-01 9.342282499887805125e-01 6.577105656065443395e-02 3.745372307225039843e-09 6.897051919763781859e-07
4.304304304304304440e-01 9.327182136804436086e-01 6.728105986232080227e-02 3.923643514964714493e-09 7.225335912598314348e-07
4.404404404404404505e-01 9.312107162428027163e-01 6.878852354510639477e-02 4.105955718141150748e-09 7.561061343306766506e-07
4.504504504504504570e-01 9.297057533524838435e-01 7.029345193367714240e-02 4.292301939367567599e-09 7.904215363126721206e-07
4.604604604604604634e-01 9.282033207494893023e-01 7.179584928930349275e-02 4.482675303547650493e-09 8.254785311662264264e-07
4.704704704704704699e-01 9.267034141823182747e-01 7.329571986475663659e-02 4.677068949300395388e-09 8.612758553774045220e-07
4.804804804804804763e-01 9.252060294079667013e-01 7.479306790430853558e-02 4.875476028960113716e-09 8.978122479579272043e-07
4.904904904904904828e-01 9.237111621919271709e-01 7.628789764373186677e-02 5.077889708576426590e-09 9.350864504451713250e-07
5.005005005005005447e-01 9.222188083081890309e-01 7.778021331030010588e-02 5.284303167914270598e-09 9.730972069021697905e-07
5.105105105105105512e-01 9.207289635392382765e-01 7.927001912278744400e-02 5.494709600453889531e-09 1.011843263917611244e-06
5.205205205205205576e-01 9.192416236760575510e-01 8.075731929146881538e-02 5.709102213390845959e-09 1.051323370605841019e-06
5.305305305305305641e-01 9.177567844227563221e-01 8.224211811351868351e-02 5.927474073657413964e-09 1.091536250251914211e-06
5.405405405405405705e-01 9.162744415977039925e-01 8.372441977181674377e-02 6.149818432660619826e-09 1.132480660111656835e-06
5.505505505505505770e-01 9.147945910449711837e-01 8.520422842353443660e-02 6.376128583299208494e-09 1.174155365081536975e-06
5.605605605605605835e-01 9.133172285812466429e-01 8.668154825323289014e-02 6.606397774260476100e-09 1.216559121916547006e-06
5.705705705705705899e-01 9.118423500312367036e-01 8.815638343745359207e-02 6.840619267172999161e-09 1.259690689754797396e-06
5.805805805805805964e-01 9.103699512276645089e-01 8.962873814471830625e-02 7.078786336606632930e-09 1.303548830117517338e-06
5.905905905905906028e-01 9.089000280112710106e-01 9.109861653552911442e-02 7.320892270072508085e-09 1.348132306909055177e-06
6.006006006006006093e-01 9.074325762308140808e-01 9.256602276236841620e-02 7.566930368023037345e-09 1.393439886416877773e-06
6.106106106106106157e-01 9.059675917430690673e-01 9.403096096969894291e-02 7.816893943851910509e-09 1.439470337311570710e-06
6.206206206206206222e-01 9.045050704128285712e-01 9.549343529396368824e-02 8.070776323894092801e-09 1.486222430646837878e-06
6.306306306306306286e-01 9.030450079710351519e-01 9.695345000549583647e-02 8.328570618413859448e-09 1.533694897687261616e-06
6.406406406406406351e-01 9.015874002934529674e-01 9.841100922976347976e-02 8.590270171455737049e-09 1.581886512747737643e-06
6.506506506506506415e-01 9.001322433231997433e-01 9.986611702486097863e-02 8.855868435790326099e-09 1.630796070164918429e-06
6.606606606606606480e-01 8.986795329437065050e-01 1.013187775085875181e-01 9.125358767836584911e-09 1.680422346532434530e-06
6.706706706706706544e-01 8.972292650456412666e-01 1.027689947915028934e-01 9.398734535695626126e-09 1.730764120595168214e-06
6.806806806806806609e-01 8.957814355269095863e-01 1.042167729769273715e-01 9.675989119150696866e-09 1.781820173249251987e-06
6.906906906906906674e-01 8.943360402926540109e-01 1.056621161609418436e-01 9.957115909667196930e-09 1.833589287542069856e-06
7.007007007007006738e-01 8.928930752552546313e-01 1.071050284323876861e-01 1.024210831039266390e-08 1.886070248672256698e-06
7.107107107107106803e-01 8.914525363343287490e-01 1.085455138728668584e-01 1.053095973615678805e-08 1.939261843989697837e-06
7.207207207207206867e-01 8.900144194567308764e-01 1.099835765567418466e-01 1.082366361347139743e-08 1.993162862995530946e-06
7.307307307307306932e-01 8.885787204877254597e-01 1.114192206199837165e-01 1.112021326943157998e-08 2.047772076883433380e-06
7.407407407407406996e-01 8.871454353544184768e-01 1.128524501367034472e-01 1.142060213095491572e-08 2.103088275229259800e-06
7.507507507507507061e-01 8.857145600392841711e-01 1.142832691256273625e-01 1.172482371433231941e-08 2.159110264066844207e-06
7.607607607607607125e-01 8.842860904909711772e-01 1.157116816393173042e-01 1.203287148125478171e-08 2.215836839375516324e-06
7.707707707707707190e-01 8.828600226649486737e-01 1.171376917235126547e-01 1.234473890442261893e-08 2.273266799161960173e-06
7.807807807807807254e-01 8.814363525235061614e-01 1.185613034171302399e-01 1.266041946754546470e-08 2.331398943460209420e-06
7.907907907907907319e-01 8.800150760357539070e-01 1.199825207522644127e-01 1.297990666534228158e-08 2.390232074331650763e-06
8.008008008008007383e-01 8.785961891776223887e-01 1.214013477541870389e-01 1.330319400354135281e-08 2.449764995865021811e-06
8.108108108108108558e-01 8.771796879318627393e-01 1.228177884413474558e-01 1.363027499888028558e-08 2.509996514176413627e-06
8.208208208208208623e-01 8.757655682880463033e-01 1.242318468253724578e-01 1.396114317910600277e-08 2.570925437409266069e-06
8.308308308308308687e-01 8.743538262178360831e-01 1.256435269358028572e-01 1.429579204306372344e-08 2.632550568384812833e-06
8.408408408408408752e-01 8.729444577187354115e-01 1.270528327763312260e-01 1.463421513130504199e-08 2.694870717604457743e-06
8.508508508508508816e-01 8.715374588188620208e-01 1.284597683200266460e-01 1.497640603379250677e-08 2.757884704668561292e-06
8.608608608608608881e-01 8.701328255338295348e-01 1.298643375524660970e-01 1.532235832030940151e-08 2.821591345461504271e-06
8.708708708708708945e-01 8.687305538860218279e-01 1.312665444524540870e-01 1.567206557156758621e-08 2.885989457880146601e-06
8.808808808808809010e-01 8.673306399045934700e-01 1.326663929920227081e-01 1.602552137920748553e-08 2.951077861833829876e-06
8.908908908908909074e-01 8.659330796254692819e-01 1.340638871364315532e-01 1.638271934579808881e-08 3.016855379244376942e-06
9.009009009009009139e-01 8.645378690913444464e-01 1.354590308441677715e-01 1.674365308483696329e-08 3.083320834046091469e-06
9.109109109109109204e-01 8.631450043516849524e-01 1.368518280669460407e-01 1.710831622075023424e-08 3.150473052185757952e-06
9.209209209209209268e-01 8.617544814627267069e-01 1.382422827497086781e-01 1.747670238889260486e-08 3.218310861622642138e-06
9.309309309309309333e-01 8.603662964874764230e-01 1.396303988306253907e-01 1.784880523554733971e-08 3.286833092328490174e-06
9.409409409409409397e-01 8.589804454957110647e-01 1.410161802410935805e-01 1.822461841792628123e-08 3.356038576287529883e-06
9.509509509509509462e-01 8.575969245639781802e-01 1.423996309057381227e-01 1.860413560416982995e-08 3.425926147496469911e-06
9.609609609609609526e-01 8.562157297755955687e-01 1.437807547424114207e-01 1.898735047334696096e-08 3.496494641964499732e-06
9.709709709709709591e-01 8.548368572206515026e-01 1.451595556621934624e-01 1.937425671545521403e-08 3.567742897713289645e-06
9.809809809809809655e-01 8.534603029754049830e-01 1.465360375899977807e-01 1.976484799817261888e-08 3.639669748654401157e-06
9.909909909909909720e-01 8.520860631193046819e-01 1.479102044475470723e-01 2.015911799432677179e-08 3.712274029647684311e-06
1.001001001001001089e+00 8.507141337926087399e-01 1.492820600957365518e-01 2.055706047489244573e-08 3.785554593626654190e-06
1.011011011011011096e+00 8.493445111109753087e-01 1.506516084200687222e-01 2.095866917114116699e-08 3.859510286213530547e-06
1.021021021021021102e+00 8.479771911967713960e-01 1.520188532993351493e-01 2.136393782517390716e-08 3.934139955024759135e-06
1.031031031031031109e+00 8.466121701790731979e-01 1.533837986056163782e-01 2.177286018992106323e-08 4.009442449671007885e-06
1.041041041041041115e+00 8.452494441936656555e-01 1.547464482042819611e-01 2.218543002914245432e-08 4.085416621757171151e-06
1.051051051051051122e+00 8.438890093830430095e-01 1.561068059539903741e-01 2.260164111742733155e-08 4.162061324882365470e-06
1.061061061061061128e+00 8.425308618964083562e-01 1.574648757066891558e-01 2.302148724019436820e-08 4.239375414639933797e-06
1.071071071071071135e+00 8.411749978896737590e-01 1.588206613076147966e-01 2.344496219369166293e-08 4.317357748617441271e-06
1.081081081081081141e+00 8.398214135254604695e-01 1.601741665952927940e-01 2.387205978499674974e-08 4.396007186396677756e-06
1.091091091091091148e+00 8.384701049730983735e-01 1.615253954015376525e-01 2.430277383201658478e-08 4.475322589553658688e-06
1.101101101101101154e+00 8.371210684086267673e-01 1.628743515514527729e-01 2.473709816348754958e-08 4.555302821658619994e-06
1.111111111111111160e+00 8.357743000147938028e-01 1.642210388634306739e-01 2.517502661897545441e-08 4.635946748276026558e-06
1.121121121121121167e+00 8.344297959810565990e-01 1.655654611491527983e-01 2.561655304887553828e-08 4.717253236964564603e-06
1.131131131131131173e+00 8.330875524797286547e-01 1.669076222374493157e-01 2.606167127591079142e-08 4.799221150187114236e-06
1.141141141141141180e+00 8.317475656271013928e-01 1.682475260131892636e-01 2.651037503237630999e-08 4.881849333754384184e-06
1.151151151151151186e+00 8.304098317119410488e-01 1.695851761887153808e-01 2.696265832896712049e-08 4.965136684744047073e-06
1.161161161161161193e+00 8.290743469473430549e-01 1.709205765520636633e-01 2.741851505423473193e-08 5.049082077741215413e-06
1.171171171171171199e+00 8.277411075529811368e-01 1.722537308846899540e-01 2.787793910734898557e-08 5.133684389286351864e-06
1.181181181181181206e+00 8.264101097551074249e-01 1.735846429614698316e-01 2.834092439809804164e-08 5.218942497875269232e-06
1.191191191191191212e+00 8.250813497865520096e-01 1.749133165506986942e-01 2.880746484688839263e-08 5.304855283959132165e-06
1.201201201201201219e+00 8.237548238867232753e-01 1.762397554140918143e-01 2.927755438474485332e-08 5.391421629944452919e-06
1.211211211211211225e+00 8.224305283016081214e-01 1.775639633067842282e-01 2.975118695331056745e-08 5.478640420193095590e-06
1.221221221221221231e+00 8.211084592837711860e-01 1.788859439773307636e-01 3.022835650484700765e-08 5.566510541022275270e-06
1.231231231231231238e+00 8.197886130923556225e-01 1.802057011677061227e-01 3.070905700223395894e-08 5.655030880704555505e-06
1.241241241241241244e+00 8.184709859930828779e-01 1.815232386133047437e-01 3.119328241896955182e-08 5.744200329467850834e-06
1.251251251251251251e+00 8.171555742582523596e-01 1.828385600429409397e-01 3.168102673917022917e-08 5.834017779495426793e-06
1.261261261261261257e+00 8.158423741667418794e-01 1.841516691788487869e-01 3.217228395757077272e-08 5.924482124925897371e-06
1.271271271271271264e+00 8.145313820040073205e-01 1.854625697366821813e-01 3.266704807952426997e-08 6.015592261853230090e-06
1.281281281281281270e+00 8.132225940559988375e-01 1.867712654316010801e-01 3.316531311118091273e-08 6.107347086518171428e-06
1.291291291291291277e+00 8.119160064624064699e-01 1.880777601250685493e-01 3.366707282260176695e-08 6.199745451685979725e-06
1.301301301301301283e+00 8.106116156527991556e-01 1.893820573885826586e-01 3.417232145176347025e-08 6.292786296287925524e-06
1.311311311311311290e+00 8.093094179347481987e-01 1.906841609156753048e-01 3.468105303971685048e-08 6.386468522991665223e-06
1.321321321321321296e+00 8.080094096222303346e-01 1.919840743934711769e-01 3.519326163785209607e-08 6.480791036368829431e-06
1.331331331331331302e+00 8.067115870356278418e-01 1.932818015026875613e-01 3.570894130789872300e-08 6.575752742895023813e-06
1.341341341341341309e+00 8.054159465017279862e-01 1.945773459176345088e-01 3.622808612192558138e-08 6.671352550949828249e-06
1.351351351351351315e+00 8.041224843537237987e-01 1.958707113062147509e-01 3.675069016234085545e-08 6.767589370816797673e-06
1.361361361361361322e+00 8.028311969312136309e-01 1.971619013299237277e-01 3.727674752189208347e-08 6.864462114683462082e-06
1.371371371371371328e+00 8.015420805802010440e-01 1.984509196438495326e-01 3.780625230366612457e-08 6.961969696641325682e-06
1.381381381381381335e+00 8.002551316530951420e-01 1.997377698966730508e-01 3.833919862108917867e-08 7.060111032685868583e-06
1.391391391391391341e+00 7.989703465087104606e-01 2.010224557306677928e-01 3.887558059792679304e-08 7.158885040716544263e-06
1.401401401401401348e+00 7.976877215122667453e-01 2.023049807816999501e-01 3.941539236828382926e-08 7.258290640536782949e-06
1.411411411411411354e+00 7.964072530353891732e-01 2.035853486792285061e-01 3.995862807660451613e-08 7.358326753853986540e-06
1.421421421421421361e+00 7.951289374561083534e-01 2.048635630463050417e-01 4.050528187767239673e-08 7.458992304279535381e-06
1.431431431431431367e+00 7.938527711588604374e-01 2.061396274995739020e-01 4.105534793661035490e-08 7.560286217328782336e-06
1.441441441441441373e+00 7.925787504436285769e-01 2.074135457401572180e-01 4.160882028221981843e-08 7.662207393413671534e-06
1.451451451451451380e+00 7.913068716650133450e-01 2.086853214145439062e-01 4.216569303146362770e-08 7.764754749180948087e-06
1.461461461461461386e+00 7.900371313200896806e-01 2.099549580267056070e-01 4.272596053128357757e-08 7.867927243627667000e-06
1.471471471471471393e+00 7.887695258135832832e-01 2.112224591729909284e-01 4.328961697955321975e-08 7.971723808300173461e-06
1.481481481481481399e+00 7.875040515565918664e-01 2.124878284433743825e-01 4.385665658443195790e-08 8.076143376638937564e-06
1.491491491491491406e+00 7.862407049665740555e-01 2.137510694214678486e-01 4.442707356434645263e-08 8.181184883975128918e-06
1.501501501501501412e+00 7.849794824673377303e-01 2.150121856845320922e-01 4.500086214797203304e-08 8.286847267527196323e-06
1.511511511511511419e+00 7.837203804890282566e-01 2.162711808034882277e-01 4.557801657421408856e-08 8.393129466397440674e-06
1.521521521521521425e+00 7.824633954681173842e-01 2.175280583429293757e-01 4.615853109218948705e-08 8.500030421568589565e-06
1.531531531531531432e+00 7.812085238473914783e-01 2.187828218611321263e-01 4.674239996120796001e-08 8.607549075900378658e-06
1.541541541541541438e+00 7.799557620759398624e-01 2.200354749100680019e-01 4.732961745075352741e-08 8.715684374126121201e-06
1.551551551551551444e+00 7.787051066091437157e-01 2.212860210354150592e-01 4.792017784046589598e-08 8.824435262849282630e-06
1.561561561561561451e+00 7.774565539086640831e-01 2.225344637765693800e-01 4.851407542012185105e-08 8.933800690540065329e-06
1.571571571571571457e+00 7.762101004424307726e-01 2.237808066666566176e-01 4.911130448961669455e-08 9.043779607531976454e-06
1.581581581581581464e+00 7.749657426846305874e-01 2.250250532325435149e-01 4.971185935894559707e-08 9.154370966018404225e-06
1.591591591591591470e+00 7.737234767441782957e-01 2.262672073664777628e-01 5.031573374849404064e-08 9.265573609616912883e-06
1.601601601601601477e+00 7.724832992753903893e-01 2.275072724151427361e-01 5.092292225901637586e-08 9.377386544063796503e-06
1.611611611611611705e+00 7.712452069087941675e-01 2.287452517490178028e-01 5.153341945286752862e-08 9.489808768024147014e-06
1.621621621621621712e+00 7.700091961396107187e-01 2.299811488739290088e-01 5.214721967399542272e-08 9.602839239943704314e-06
1.631631631631631718e+00 7.687752634691376041e-01 2.312149672896244845e-01 5.276431727615604115e-08 9.716476920074345122e-06
1.641641641641641725e+00 7.675434054047347576e-01 2.324467104897875447e-01 5.338470662289199221e-08 9.830720770470147669e-06
1.651651651651651731e+00 7.663136184598124956e-01 2.336763819620498728e-01 5.400838208751120129e-08 9.945569754983452990e-06
1.661661661661661737e+00 7.650858991538173060e-01 2.349039851880048158e-01 5.463533805306557628e-08 1.006102283926094824e-05
1.671671671671671744e+00 7.638602440122190806e-01 2.361295236432206235e-01 5.526556891232962656e-08 1.017707899073971785e-05
1.681681681681681750e+00 7.626366495664980150e-01 2.373530007972536326e-01 5.589906906777915487e-08 1.029373717864333527e-05
1.691691691691691757e+00 7.614151123541309518e-01 2.385744201136615339e-01 5.653583293156987630e-08 1.041099637397790569e-05
1.701701701701701763e+00 7.601956289185783922e-01 2.397937850500165002e-01 5.717585492551608369e-08 1.052885554952815946e-05
1.711711711711711770e+00 7.589781958092715053e-01 2.410110990579185930e-01 5.781912948106933281e-08 1.064731367985350837e-05
1.721721721721721776e+00 7.577628095815982512e-01 2.422263655830088624e-01 5.846565103929704156e-08 1.076636974128411537e-05
1.731731731731731783e+00 7.565494667968908349e-01 2.434395880649825594e-01 5.911541405086119502e-08 1.088602271191696605e-05
1.741741741741741789e+00 7.553381640224123839e-01 2.446507699376024580e-01 5.976841297599696451e-08 1.100627157161193840e-05
1.751751751751751796e+00 7.541288978313430702e-01 2.458599146287120119e-01 6.042464228449136628e-08 1.112711530198787088e-05
1.761761761761761802e+00 7.529216648027678982e-01 2.470670255602486209e-01 6.108409645566195341e-08 1.124855288641863222e-05
1.771771771771771808e+00 7.517164615216626045e-01 2.482721061482568159e-01 6.174676997833540168e-08 1.137058331002918944e-05
1.781781781781781815e+00 7.505132845788808904e-01 2.494751598029014972e-01 6.241265735082622793e-08 1.149320555969167765e-05
1.791791791791791821e+00 7.493121305711409885e-01 2.506761899284812856e-01 6.308175308091540244e-08 1.161641862402146813e-05
1.801801801801801828e+00 7.481129961010128948e-01 2.518751999234414285e-01 6.375405168582904079e-08 1.174022149337323976e-05
1.811811811811811834e+00 7.469158777769042690e-01 2.530721931803875391e-01 6.442954769221700300e-08 1.186461315983704883e-05
1.821821821821821841e+00 7.457207722130482219e-01 2.542671730860983081e-01 6.510823563613159863e-08 1.198959261723439197e-05
1.831831831831831847e+00 7.445276760294892160e-01 2.554601430215389657e-01 6.579011006300621242e-08 1.211515886111428276e-05
1.841841841841841854e+00 7.433365858520705194e-01 2.566511063618745481e-01 6.647516552763398287e-08 1.224131088874931807e-05
1.851851851851851860e+00 7.421474983124205504e-01 2.578400664764831651e-01 6.716339659414642792e-08 1.236804769913174615e-05
1.861861861861861867e+00 7.409604100479396660e-01 2.590270267289689343e-01 6.785479783599212352e-08 1.249536829296953636e-05
1.871871871871871873e+00 7.397753177017872828e-01 2.602119904771755809e-01 6.854936383591531606e-08 1.262327167268244731e-05
1.881881881881881879e+00 7.385922179228684437e-01 2.613949610731993722e-01 6.924708918593465388e-08 1.275175684239809995e-05
1.891891891891891886e+00 7.374111073658203841e-01 2.625759418634025510e-01 6.994796848732176003e-08 1.288082280794804398e-05
1.901901901901901892e+00 7.362319826909996534e-01 2.637549361884264920e-01 7.065199635057991080e-08 1.301046857686382255e-05
1.911911911911911899e+00 7.350548405644687922e-01 2.649319473832048577e-01 7.135916739542274085e-08 1.314069315837305384e-05
1.921921921921921905e+00 7.338796776579827874e-01 2.661069787769769768e-01 7.206947625075281587e-08 1.327149556339548562e-05
1.931931931931931912e+00 7.327064906489765272e-01 2.672800336933008336e-01 7.278291755464035089e-08 1.340287480453907348e-05
1.941941941941941918e+00 7.315352756898138020e-01 2.684511159809621073e-01 7.349948509761178666e-08 1.353482973833774303e-05
1.951951951951951925e+00 7.303660298806133877e-01 2.696202285407087174e-01 7.421917420001339074e-08 1.366735950303965888e-05
1.961961961961961931e+00 7.291987499611020107e-01 2.707873746337879917e-01 7.494197960046440941e-08 1.380046312976875082e-05
1.971971971971971938e+00 7.280334326269860545e-01 2.719525575654808125e-01 7.566789596652879787e-08 1.393413963656419882e-05
1.981981981981981944e+00 7.268700745794488549e-01 2.731157806355894446e-01 7.639691797461090154e-08 1.406838804309314460e-05
1.991991991991991950e+00 7.257086725251354897e-01 2.742770471384529674e-01 7.712904030993114360e-08 1.420320737064619050e-05
2.002002002002002179e+00 7.245492231761373469e-01 2.754363603629621515e-01 7.786425766650160656e-08 1.433859664213291019e-05
2.012012012012012185e+00 7.233917232499776917e-01 2.765937235925748361e-01 7.860256474710160070e-08 1.447455488207735603e-05
2.022022022022022192e+00 7.222361694695959011e-01 2.777491401053305831e-01 7.934395626325335156e-08 1.461108111661357485e-05
2.032032032032032198e+00 7.210825585633324764e-01 2.789026131738664427e-01 8.008842693519762129e-08 1.474817437348111195e-05
2.042042042042042205e+00 7.199308872649143876e-01 2.800541460654314974e-01 8.083597149186922407e-08 1.488583368202052176e-05
2.052052052052052211e+00 7.187811523134394198e-01 2.812037420419021272e-01 8.158658467087275336e-08 1.502405807316887690e-05
2.062062062062062218e+00 7.176333504533612961e-01 2.823514043597973311e-01 8.234026121845812378e-08 1.516284657945528232e-05
2.072072072072072224e+00 7.164874784344748004e-01 2.834971362702936593e-01 8.309699588949619248e-08 1.530219823499637412e-05
2.082082082082082231e+00 7.153435330119001234e-01 2.846409410192402012e-01 8.385678344745440696e-08 1.544211207549183709e-05
2.092092092092092237e+00 7.142015109460684297e-01 2.857828218471740733e-01 8.461961866437237339e-08 1.558258713821991033e-05
2.102102102102102243e+00 7.130614090027058705e-01 2.869227819893351294e-01 8.538549632083751771e-08 1.572362246203290136e-05
2.112112112112112250e+00 7.119232239528194839e-01 2.880608246756813373e-01 8.615441120596069372e-08 1.586521708735269350e-05
2.122122122122122256e+00 7.107869525726813187e-01 2.891969531309037666e-01 8.692635811735171176e-08 1.600737005616624298e-05
2.132132132132132263e+00 7.096525916438137793e-01 2.903311705744416882e-01 8.770133186109509237e-08 1.615008041202111342e-05
2.142142142142142269e+00 7.085201379529741939e-01 2.914634802204978947e-01 8.847932725172556854e-08 1.629334720002096284e-05
2.152152152152152276e+00 7.073895882921399370e-01 2.925938852780534671e-01 8.926033911220374675e-08 1.643716946682106115e-05
2.162162162162162282e+00 7.062609394584932199e-01 2.937223889508832619e-01 9.004436227389172828e-08 1.658154626062379749e-05
2.172172172172172289e+00 7.051341882544059914e-01 2.948489944375706218e-01 9.083139157652867761e-08 1.672647663117419773e-05
2.182182182182182295e+00 7.040093314874248387e-01 2.959737049315228630e-01 9.162142186820648347e-08 1.687195962975542165e-05
2.192192192192192302e+00 7.028863659702559996e-01 2.970965236209861526e-01 9.241444800534536693e-08 1.701799430918428044e-05
2.202202202202202308e+00 7.017652885207499303e-01 2.982174536890607186e-01 9.321046485266944978e-08 1.716457972380674063e-05
2.212212212212212314e+00 7.006460959618866502e-01 2.993364983137158930e-01 9.400946728318242884e-08 1.731171492949343824e-05
2.222222222222222321e+00 6.995287851217601993e-01 3.004536606678053223e-01 9.481145017814317077e-08 1.745939898363518946e-05
2.232232232232232327e+00 6.984133528335637608e-01 3.015689439190820664e-01 9.561640842704128052e-08 1.760763094513848788e-05
2.242242242242242334e+00 6.972997959355744513e-01 3.026823512302134755e-01 9.642433692757277556e-08 1.775640987442102871e-05
2.252252252252252340e+00 6.961881112711385544e-01 3.037938857587967334e-01 9.723523058561568075e-08 1.790573483340721276e-05
2.262262262262262347e+00 6.950782956886558672e-01 3.049035506573735677e-01 9.804908431520563647e-08 1.805560488552365378e-05
2.272272272272272353e+00 6.939703460415650449e-01 3.060113490734456265e-01 9.886589303851149345e-08 1.820601909569468239e-05
2.282282282282282360e+00 6.928642592429135050e-01 3.071172840948876437e-01 9.968565177392254381e-08 1.835697654656349461e-05
2.292292292292292366e+00 6.917600325886745782e-01 3.082213584265341422e-01 1.005083561579448408e-07 1.850847643459863437e-05
2.302302302302302373e+00 6.906576625247029533e-01 3.093235756235925282e-01 1.013340004548265959e-07 1.866051770356925765e-05
2.312312312312312379e+00 6.895571459282775484e-01 3.104239388097168040e-01 1.021625796252192592e-07 1.881309942548621666e-05
2.322322322322322385e+00 6.884584796817639907e-01 3.115224511034729304e-01 1.029940886379845448e-07 1.896622067387226999e-05
2.332332332332332392e+00 6.873616606726007383e-01 3.126191156183525388e-01 1.038285224701727385e-07 1.911988052375809138e-05
2.342342342342342398e+00 6.862666857932856468e-01 3.137139354627859755e-01 1.046658761070011120e-07 1.927407805167829545e-05
2.352352352352352405e+00 6.851735519413630904e-01 3.148069137401561246e-01 1.055061445418323367e-07 1.942881233566745664e-05
2.362362362362362411e+00 6.840822560194101953e-01 3.158980535488112862e-01 1.063493227761528050e-07 1.958408245525612818e-05
2.372372372372372418e+00 6.829927949350231842e-01 3.169873579820790543e-01 1.071954058195510838e-07 1.973988749146686776e-05
2.382382382382382424e+00 6.819051656008046081e-01 3.180748301282793622e-01 1.080443886896962754e-07 1.989622652681023959e-05
2.392392392392392431e+00 6.808193649343495801e-01 3.191604730707381377e-01 1.088962664123163918e-07 2.005309864528086381e-05
2.402402402402402437e+00 6.797353898582325638e-01 3.202442898878005151e-01 1.097510340211767555e-07 2.021050293235341171e-05
2.412412412412412444e+00 6.786532372999937168e-01 3.213262836528442135e-01 1.106086865580584265e-07 2.036843847497863148e-05
2.422422422422422450e+00 6.775729041921256801e-01 3.224064574342931366e-01 1.114692190727364967e-07 2.052690436157938067e-05
2.432432432432432456e+00 6.764943874720602546e-01 3.234848142956304740e-01 1.123326266229585576e-07 2.068589968204662824e-05
2.442442442442442463e+00 6.754176840821549677e-01 3.245613572954124115e-01 1.131989042744230603e-07 2.084542352773548701e-05
2.452452452452452469e+00 6.743427909696796396e-01 3.256360894872812883e-01 1.140680471007577168e-07 2.100547499146122925e-05
2.462462462462462476e+00 6.732697050868028388e-01 3.267090139199789744e-01 1.149400501834978345e-07 2.116605316749531240e-05
2.472472472472472482e+00 6.721984233905787809e-01 3.277801336373605268e-01 1.158149086120647824e-07 2.132715715156138444e-05
2.482482482482482489e+00 6.711289428429337844e-01 3.288494516784073451e-01 1.166926174837443395e-07 2.148878604083132319e-05
2.492492492492492495e+00 6.700612604106530590e-01 3.299169710772405506e-01 1.175731719036650688e-07 2.165093893392124169e-05
2.502502502502502502e+00 6.689953730653670494e-01 3.309826948631345300e-01 1.184565669847767045e-07 2.181361493088751729e-05
2.512512512512512508e+00 6.679312777835380022e-01 3.320466260605303144e-01 1.193427978478285926e-07 2.197681313322280387e-05
2.522522522522522515e+00 6.668689715464471979e-01 3.331087676890488458e-01 1.202318596213479856e-07 2.214053264385205751e-05
2.532532532532532521e+00 6.658084513401805182e-01 3.341691227635043560e-01 1.211237474416185755e-07 2.230477256712855885e-05
2.542542542542542527e+00 6.647497141556161226e-01 3.352276942939180771e-01 1.220184564526586828e-07 2.246953200882992525e-05
2.552552552552552534e+00 6.636927569884103484e-01 3.362844852855311206e-01 1.229159818061998158e-07 2.263481007615413313e-05
2.562562562562562540e+00 6.626375768389846099e-01 3.373394987388184108e-01 1.238163186616649654e-07 2.280060587771555385e-05
2.572572572572572547e+00 6.615841707125119653e-01 3.383927376495016737e-01 1.247194621861470856e-07 2.296691852354093878e-05
2.582582582582582553e+00 6.605325356189037933e-01 3.394442050085630380e-01 1.256254075543873081e-07 2.313374712506547888e-05
2.592592592592592560e+00 6.594826685727961380e-01 3.404939038022582465e-01 1.265341499487535023e-07 2.330109079512879321e-05
2.602602602602602566e+00 6.584345665935366076e-01 3.415418370121303671e-01 1.274456845592185968e-07 2.346894864797097828e-05
2.612612612612612573e+00 6.573882267051708306e-01 3.425880076150227826e-01 1.283600065833389791e-07 2.363731979922859320e-05
2.622622622622622579e+00 6.563436459364293540e-01 3.436324185830929578e-01 1.292771112262328445e-07 2.380620336593070906e-05
2.632632632632632586e+00 6.553008215304974016e-01 3.446750726739790660e-01 1.301969940391865921e-07 2.397559852885280230e-05
2.642642642642642592e+00 6.542597508637045811e-01 3.457159725121357052e-01 1.311196507884042381e-07 2.414550450834712018e-05
2.652652652652652598e+00 6.532204305452437021e-01 3.467551214893829226e-01 1.320450760017965568e-07 2.431592029673591951e-05
2.662662662662662605e+00 6.521828576311491377e-01 3.477925225505661411e-01 1.329732649285548528e-07 2.448684501916425986e-05
2.672672672672672611e+00 6.511470291824293932e-01 3.488281786355548753e-01 1.339042128258996412e-07 2.465827780225578493e-05
2.682682682682682618e+00 6.501129422650602230e-01 3.498620926792500030e-01 1.348379149590692393e-07 2.483021777411060490e-05
2.692692692692692624e+00 6.490805939499776356e-01 3.508942676115908710e-01 1.357743666013084638e-07 2.500266406430320942e-05
2.702702702702702631e+00 6.480499813130702336e-01 3.519247063575621781e-01 1.367135630338571697e-07 2.517561580388036691e-05
2.712712712712712637e+00 6.470211014351733292e-01 3.529534118372011919e-01 1.376554995459389208e-07 2.534907212535903408e-05
2.722722722722722644e+00 6.459939514020606177e-01 3.539803869656046320e-01 1.386001714347495287e-07 2.552303216272424857e-05
2.732732732732732650e+00 6.449685283044379602e-01 3.550056346529359419e-01 1.395475740054458029e-07 2.569749505142704518e-05
2.742742742742742657e+00 6.439448292379362782e-01 3.560291578044321725e-01 1.404977025711339837e-07 2.587245992838235189e-05
2.752752752752752663e+00 6.429228513031038927e-01 3.570509593204110876e-01 1.414505524528585188e-07 2.604792593196689259e-05
2.762762762762762669e+00 6.419025916054000858e-01 3.580710420962782692e-01 1.424061189795906283e-07 2.622389220201709996e-05
2.772772772772772676e+00 6.408840472551879941e-01 3.590894090225340007e-01 1.433643974882168173e-07 2.640035787982700135e-05
2.782782782782782682e+00 6.398672153677272822e-01 3.601060629847806505e-01 1.443253833235276785e-07 2.657732210814614515e-05
2.792792792792792689e+00 6.388520930631670369e-01 3.611210068637293324e-01 1.452890718382063786e-07 2.675478403117748330e-05
2.802802802802802695e+00 6.378386774665391057e-01 3.621342435352072897e-01 1.462554583928173018e-07 2.693274279457528750e-05
2.812812812812812702e+00 6.368269657077508805e-01 3.631457758701647220e-01 1.472245383557946424e-07 2.711119754544304866e-05
2.822822822822822708e+00 6.358169549215779703e-01 3.641556067346820025e-01 1.481963071034311015e-07 2.729014743233137955e-05
2.832832832832832715e+00 6.348086422476575397e-01 3.651637389899765607e-01 1.491707600198663992e-07 2.746959160523592102e-05
2.842842842842842721e+00 6.338020248304810922e-01 3.661701754924102103e-01 1.501478924970759457e-07 2.764952921559524809e-05
2.852852852852852727e+00 6.327970998193872543e-01 3.671749190934958662e-01 1.511276999348594593e-07 2.782995941628875914e-05
2.862862862862862734e+00 6.317938643685551137e-01 3.681779726399048713e-01 1.521101777408295843e-07 2.801088136163459901e-05
2.872872872872872740e+00 6.307923156369967810e-01 3.691793389734738806e-01 1.530953213304005090e-07 2.819229420738754817e-05
2.882882882882882747e+00 6.297924507885503953e-01 3.701790209312120772e-01 1.540831261267764779e-07 2.837419711073693905e-05
2.892892892892892753e+00 6.287942669918735739e-01 3.711770213453079448e-01 1.550735875609405947e-07 2.855658923030453841e-05
2.902902902902902760e+00 6.277977614394202321e-01 3.721733430241463414e-01 1.560667011022872399e-07 2.873946973178552933e-05
2.912912912912912766e+00 6.268029313357031951e-01 3.731679887640496074e-01 1.570624622396750817e-07 2.892283778445938592e-05
2.922922922922922773e+00 6.258097738282614175e-01 3.741609614183309951e-01 1.580608663699998653e-07 2.910669254067075435e-05
2.932932932932932779e+00 6.248182861056934545e-01 3.751522637992321108e-01 1.590619089564328994e-07 2.929103316496882615e-05
2.942942942942942786e+00 6.238284653614115660e-01 3.761418987141790238e-01 1.600655854699158289e-07 2.947585882333370933e-05
2.952952952952952792e+00 6.228403087936358329e-01 3.771298689657890391e-01 1.610718913891504176e-07 2.966116868317449375e-05
2.962962962962962798e+00 6.218538136053868293e-01 3.781161773518771363e-01 1.620808222005876690e-07 2.984696191332731648e-05
2.972972972972972805e+00 6.208689770044796274e-01 3.791008266654624093e-01 1.630923733984176089e-07 3.003323768405341705e-05
2.982982982982982811e+00 6.198857962035171365e-01 3.800838196947747272e-01 1.641065404845585918e-07 3.021999516703720621e-05
2.992992992992992818e+00 6.189042684198837740e-01 3.810651592232612850e-01 1.651233189686467659e-07 3.040723353538433125e-05
3.003003003003002824e+00 6.179243908757385828e-01 3.820448480295928206e-01 1.661427043680257496e-07 3.059495196361972791e-05
3.013013013013012831e+00 6.169461607980090134e-01 3.830228888876705540e-01 1.671646922077358323e-07 3.078314962768568906e-05
3.023023023023022837e+00 6.159695754183841521e-01 3.839992845666322929e-01 1.681892780205037038e-07 3.097182570493994033e-05
3.033033033033032844e+00 6.149946319733086142e-01 3.849740378308593169e-01 1.692164573467317340e-07 3.116097937415367489e-05
3.043043043043042850e+00 6.140213277039755502e-01 3.859471514399826497e-01 1.702462257344875970e-07 3.135060981550963588e-05
3.053053053053052857e+00 6.130496598563204280e-01 3.869186281488897206e-01 1.712785787394937096e-07 3.154071621060017152e-05
3.063063063063062863e+00 6.120796256810143721e-01 3.878884707077307481e-01 1.723135119251166431e-07 3.173129774242531073e-05
3.073073073073072869e+00 6.111112224334577236e-01 3.888566818619255128e-01 1.733510208623567209e-07 3.192235359539081151e-05
3.083083083083082876e+00 6.101444473737736018e-01 3.898232643521694074e-01 1.743911011298373514e-07 3.211388295530621619e-05
3.093093093093092882e+00 6.091792977668011311e-01 3.907882209144405983e-01 1.754337483137946780e-07 3.230588500938294050e-05
3.103103103103102889e+00 6.082157708820893349e-01 3.917515542800059092e-01 1.764789580080668851e-07 3.249835894623231524e-05
3.113113113113112895e+00 6.072538639938900307e-01 3.927132671754278159e-01 1.775267258140838491e-07 3.269130395586364828e-05
3.123123123123122902e+00 6.062935743811517231e-01 3.936733623225706635e-01 1.785770473408564705e-07 3.288471922968230684e-05
3.133133133133132908e+00 6.053348993275132761e-01 3.946318424386074941e-01 1.796299182049661921e-07 3.307860396048775919e-05
3.143143143143142915e+00 6.043778361212969186e-01 3.955887102360260976e-01 1.806853340305545698e-07 3.327295734247164342e-05
3.153153153153152921e+00 6.034223820555018047e-01 3.965439684226360062e-01 1.817432904493126318e-07 3.346777857121583614e-05
3.163163163163162928e+00 6.024685344277977972e-01 3.974976197015748225e-01 1.828037831004704497e-07 3.366306684369050776e-05
3.173173173173172934e+00 6.015162904642399333e-01 3.984496668476164571e-01 1.838668075076583469e-07 3.385882133557831865e-05
3.183183183183182940e+00 6.005656473818209440e-01 3.994001126445994587e-01 1.849323591798788646e-07 3.405504121986820175e-05
3.193193193193192947e+00 5.996166026219102996e-01 4.003489596519189120e-01 1.860004339883190556e-07 3.425172573624491151e-05
3.203203203203202953e+00 5.986691534980229656e-01 4.012962105568625426e-01 1.870710275977854690e-07 3.444887408638848067e-05
3.213213213213213404e+00 5.977232973281982886e-01 4.022418680421922521e-01 1.881441356803878247e-07 3.464648547332384732e-05
3.223223223223223410e+00 5.967790314349915581e-01 4.031859347861526666e-01 1.892197539155252228e-07 3.484455910141825286e-05
3.233233233233233417e+00 5.958363531454654582e-01 4.041284134624796298e-01 1.902978779898725120e-07 3.504309417637876180e-05
3.243243243243243423e+00 5.948952597911817408e-01 4.050693067404089187e-01 1.913785035973664190e-07 3.524208990524970722e-05
3.253253253253253430e+00 5.939557487081921217e-01 4.060086172846845143e-01 1.924616264391917842e-07 3.544154549641015633e-05
3.263263263263263436e+00 5.930178172370303979e-01 4.069463477555672615e-01 1.935472422237677184e-07 3.564146015957135594e-05
3.273273273273273443e+00 5.920814627227035665e-01 4.078825008088434179e-01 1.946353466667340500e-07 3.584183310577421835e-05
3.283283283283283449e+00 5.911466825146833859e-01 4.088170790958332579e-01 1.957259354909372167e-07 3.604266354738678034e-05
3.293293293293293456e+00 5.902134739668976060e-01 4.097500852633993995e-01 1.968190044264168451e-07 3.624395069810166880e-05
3.303303303303303462e+00 5.892818344377218631e-01 4.106815219539555195e-01 1.979145492103916956e-07 3.644569377293353253e-05
3.313313313313313468e+00 5.883517612899707983e-01 4.116113918054749021e-01 1.990125655872460302e-07 3.664789198821656217e-05
3.323323323323323475e+00 5.874232518908897305e-01 4.125396974514988213e-01 2.001130493085158219e-07 3.685054456160190837e-05
3.333333333333333481e+00 5.864963036121462192e-01 4.134664415211451449e-01 2.012159961328749902e-07 3.705365071205516785e-05
3.343343343343343488e+00 5.855709138298208494e-01 4.143916266391169945e-01 2.023214018261215048e-07 3.725720965985382876e-05
3.353353353353353494e+00 5.846470799243996819e-01 4.153152554257110718e-01 2.034292621611638063e-07 3.746122062658475662e-05
3.363363363363363501e+00 5.837247992807650387e-01 4.162373304968264298e-01 2.045395729180069361e-07 3.766568283514163296e-05
3.373373373373373507e+00 5.828040692881871765e-01 4.171578544639727437e-01 2.056523298837386665e-07 3.787059550972244129e-05
3.383383383383383514e+00 5.818848873403158484e-01 4.180768299342790262e-01 2.067675288525159478e-07 3.807595787582693280e-05
3.393393393393393520e+00 5.809672508351715337e-01 4.189942595105021206e-01 2.078851656255508794e-07 3.828176916025405135e-05
3.403403403403403527e+00 5.800511571751371109e-01 4.199101457910353052e-01 2.090052360110971840e-07 3.848802859109943982e-05
3.413413413413413533e+00 5.791366037669493094e-01 4.208244913699166201e-01 2.101277358244362313e-07 3.869473539775289227e-05
3.423423423423423539e+00 5.782235880216900492e-01 4.217372988368376929e-01 2.112526608878633796e-07 3.890188881089579921e-05
3.433433433433433546e+00 5.773121073547780036e-01 4.226485707771520106e-01 2.123800070306741588e-07 3.910948806249864046e-05
3.443443443443443552e+00 5.764021591629933106e-01 4.235583097948570908e-01 2.135097700520789706e-07 3.931753237899174471e-05
3.453453453453453559e+00 5.754937408474141147e-01 4.244665184896515009e-01 2.146419457582254962e-07 3.952602098808294249e-05
3.463463463463463565e+00 5.745868498720030360e-01 4.253731993983301818e-01 2.157765300567667745e-07 3.973495313617212994e-05
3.473473473473473572e+00 5.736814836686546792e-01 4.262783550897658591e-01 2.169135188035927612e-07 3.994432806012711452e-05
3.483483483483483578e+00 5.727776396735251296e-01 4.271819881285683906e-01 2.180529078614728810e-07 4.015414499808252620e-05
3.493493493493493585e+00 5.718753153270236256e-01 4.280841010750933151e-01 2.191946931000412050e-07 4.036440318943713398e-05
3.503503503503503591e+00 5.709745080738028999e-01 4.289846964854513445e-01 2.203388703957818655e-07 4.057510187485112191e-05
3.513513513513513598e+00 5.700752153627502983e-01 4.298837769115173013e-01 2.214854356320142597e-07 4.078624029624338532e-05
3.523523523523523604e+00 5.691774346469787860e-01 4.307813449009392226e-01 2.226343846988784379e-07 4.099781769678883386e-05
3.533533533533533610e+00 5.682811633838176224e-01 4.316774029971474635e-01 2.237857134933203603e-07 4.120983332091566071e-05
3.543543543543543617e+00 5.673863990348032571e-01 4.325719537393639680e-01 2.249394179190772062e-07 4.142228641430267946e-05
3.553553553553553623e+00 5.664931390656705590e-01 4.334649996626111501e-01 2.260954938866627094e-07 4.163517622387656619e-05
3.563563563563563630e+00 5.656013809463431574e-01 4.343565432977211649e-01 2.272539373133523886e-07 4.184850199780920318e-05
3.573573573573573636e+00 5.647111221509250045e-01 4.352465871713448453e-01 2.284147441231689356e-07 4.206226298551494130e-05
3.583583583583583643e+00 5.638223601576906052e-01 4.361351338059610283e-01 2.295779102468674982e-07 4.227645843764788272e-05
3.593593593593593649e+00 5.629350924490762464e-01 4.370221857198854365e-01 2.307434316219209634e-07 4.249108760609922460e-05
3.603603603603603656e+00 5.620493165116712264e-01 4.379077454272800596e-01 2.319113041925052396e-07 4.270614974399450120e-05
3.613613613613613662e+00 5.611650298362078626e-01 4.387918154381619251e-01 2.330815239094845929e-07 4.292164410569090721e-05
3.623623623623623669e+00 5.602822299175533871e-01 4.396743982584125354e-01 2.342540867303970088e-07 4.313756994677457368e-05
3.633633633633633675e+00 5.594009142547001767e-01 4.405554963897865828e-01 2.354289886194393959e-07 4.335392652405788469e-05
3.643643643643643681e+00 5.585210803507567601e-01 4.414351123299215529e-01 2.366062255474528953e-07 4.357071309557673967e-05
3.653653653653653688e+00 5.576427257129389359e-01 4.423132485723464957e-01 2.377857934919082690e-07 4.378792892058787681e-05
3.663663663663663694e+00 5.567658478525604471e-01 4.431899076064910181e-01 2.389676884368911298e-07 4.400557325956615576e-05
3.673673673673673701e+00 5.558904442850239880e-01 4.440650919176948874e-01 2.401519063730873300e-07 4.422364537420184037e-05
3.683683683683683707e+00 5.550165125298122115e-01 4.449388039872165801e-01 2.413384432977681121e-07 4.444214452739792204e-05
3.693693693693693714e+00 5.541440501104781813e-01 4.458110462922427741e-01 2.425272952147756030e-07 4.466106998326736181e-05
3.703703703703703720e+00 5.532730545546369338e-01 4.466818213058972309e-01 2.437184581345079646e-07 4.488042100713045436e-05
3.713713713713713727e+00 5.524035234495443536e-01 4.475511314416449338e-01 2.449119281636343178e-07 4.510019688203563648e-05
3.723723723723723733e+00 5.515354543776908036e-01 4.484189791177176088e-01 2.461077014011316129e-07 4.532039688961482803e-05
3.733733733733733740e+00 5.506688448001840763e-01 4.492853668737662454e-01 2.473057737500434676e-07 4.554102027541913036e-05
3.743743743743743746e+00 5.498036922625912926e-01 4.501502971649567475e-01 2.485061412497463118e-07 4.576206631010511862e-05
3.753753753753753752e+00 5.489399943145696348e-01 4.510137724423642913e-01 2.497087999462178733e-07 4.598353426554498900e-05
3.763763763763763759e+00 5.480777485098577984e-01 4.518757951529809302e-01 2.509137458920245258e-07 4.620542341482423445e-05
3.773773773773773765e+00 5.472169524062685531e-01 4.527363677397235886e-01 2.521209751463086894e-07 4.642773303223932720e-05
3.783783783783783772e+00 5.463576035656807495e-01 4.535954926414416666e-01 2.533304837747763362e-07 4.665046239329538776e-05
3.793793793793793778e+00 5.454996995540318805e-01 4.544531722929250339e-01 2.545422678496842328e-07 4.687361077470387415e-05
3.803803803803803785e+00 5.446432379413097546e-01 4.553094091249118569e-01 2.557563234498276043e-07 4.709717745438028481e-05
3.813813813813813791e+00 5.437882163015452797e-01 4.561642055640960369e-01 2.569726466605273241e-07 4.732116171144180042e-05
3.823823823823823798e+00 5.429346322128041358e-01 4.570175640331355371e-01 2.581912335736174191e-07 4.754556282620500034e-05
3.833833833833833804e+00 5.420824832571792262e-01 4.578694869506597098e-01 2.594120802874324179e-07 4.777038008018352473e-05
3.843843843843843811e+00 5.412317670207830167e-01 4.587199767312774568e-01 2.606351829067948036e-07 4.799561275608575715e-05
3.853853853853853817e+00 5.403824810937393197e-01 4.595690357855847785e-01 2.618605375430024676e-07 4.822126013781252057e-05
3.863863863863863823e+00 5.395346230701758561e-01 4.604166665201728237e-01 2.630881403138160568e-07 4.844732151045473280e-05
3.873873873873873830e+00 5.386881905482164834e-01 4.612628713376353273e-01 2.643179873434463737e-07 4.867379616029112290e-05
3.883883883883883836e+00 5.378431811299730914e-01 4.621076526365768822e-01 2.655500747625418303e-07 4.890068337478587304e-05
3.893893893893893843e+00 5.369995924215379413e-01 4.629510128116202661e-01 2.667843987081758481e-07 4.912798244258633488e-05
3.903903903903903849e+00 5.361574220329760054e-01 4.637929542534146021e-01 2.680209553238343116e-07 4.935569265352069855e-05
3.913913913913913856e+00 5.353166675783170847e-01 4.646334793486430192e-01 2.692597407594027568e-07 4.958381329859566839e-05
3.923923923923923862e+00 5.344773266755478147e-01 4.654725904800304237e-01 2.705007511711541952e-07 4.981234366999413870e-05
3.933933933933933869e+00 5.336393969466042275e-01 4.663102900263513817e-01 2.717439827217359845e-07 5.004128306107290334e-05
3.943943943943943875e+00 5.328028760173636469e-01 4.671465803624378910e-01 2.729894315801578120e-07 5.027063076636029761e-05
3.953953953953953881e+00 5.319677615176369168e-01 4.679814638591870968e-01 2.742370939217787235e-07 5.050038608155392819e-05
3.963963963963963888e+00 5.311340510811608517e-01 4.688149428835691745e-01 2.754869659282945247e-07 5.073054830351830146e-05
3.973973973973973894e+00 5.303017423455901325e-01 4.696470197986352679e-01 2.767390437877254451e-07 5.096111673028255344e-05
3.983983983983983901e+00 5.294708330070557745e-01 4.704776969089425886e-01 2.779933237824821548e-07 5.119209067725767484e-05
3.993993993993993907e+00 5.286413207491449384e-01 4.713069765315962001e-01 2.792498021747268949e-07 5.142346945612597670e-05
4.004004004004004358e+00 5.278132031506229671e-01 4.721348610885539587e-01 2.805084750574231052e-07 5.165525234741198831e-05
4.014014014014014364e+00 5.269864778664103966e-01 4.729613529255961013e-01 2.817693386464602523e-07 5.188743865427694380e-05
4.024024024024024371e+00 5.261611425553749388e-01 4.737864543845543563e-01 2.830323891640997670e-07 5.212002768105543474e-05
4.034034034034034377e+00 5.253371948803248204e-01 4.746101678033185500e-01 2.842976228389638742e-07 5.235301873325341119e-05
4.044044044044044384e+00 5.245146325080027871e-01 4.754324955158432120e-01 2.855650359060252692e-07 5.258641111754623691e-05
4.054054054054054390e+00 5.236934531090791101e-01 4.762534398521540147e-01 2.868346246065963717e-07 5.282020414177672420e-05
4.064064064064064397e+00 5.228736543581448126e-01 4.770730031383545455e-01 2.881063851883187369e-07 5.305439711495318238e-05
4.074074074074074403e+00 5.220552339337054537e-01 4.778911876966328576e-01 2.893803139051522569e-07 5.328898934724746623e-05
4.084084084084084409e+00 5.212381895181745772e-01 4.787079958452679085e-01 2.906564070173648367e-07 5.352398014999301082e-05
4.094094094094094416e+00 5.204225187978667178e-01 4.795234298986362775e-01 2.919346607915214361e-07 5.375936883568287325e-05
4.104104104104104422e+00 5.196082194629911832e-01 4.803374921672188824e-01 2.932150715004737463e-07 5.399515471796775389e-05
4.114114114114114429e+00 5.187952892076451716e-01 4.811501849576071965e-01 2.944976354233492844e-07 5.423133711165408556e-05
4.124124124124124435e+00 5.179837257298075537e-01 4.819615105725103543e-01 2.957823488455408586e-07 5.446791533270203448e-05
4.134134134134134442e+00 5.171735267313321005e-01 4.827714713107611466e-01 2.970692080586960330e-07 5.470488869822356226e-05
4.144144144144144448e+00 5.163646899179404892e-01 4.835800694673230704e-01 2.983582093607063280e-07 5.494225652648046082e-05
4.154154154154154455e+00 5.155572129992166408e-01 4.843873073332968793e-01 2.996493490556967912e-07 5.518001813688239399e-05
4.164164164164164461e+00 5.147510936885991706e-01 4.851931871959268006e-01 3.009426234540151448e-07 5.541817284998493923e-05
4.174174174174174468e+00 5.139463297033755040e-01 4.859977113386076408e-01 3.022380288722212506e-07 5.565671998748764282e-05
4.184184184184184474e+00 5.131429187646747714e-01 4.868008820408908921e-01 3.035355616330765223e-07 5.589565887223202085e-05
4.194194194194194480e+00 5.123408585974614793e-01 4.876027015784916707e-01 3.048352180655331785e-07 5.613498882819966865e-05
4.204204204204204487e+00 5.115401469305292936e-01 4.884031722232952122e-01 3.061369945047238136e-07 5.637470918051024147e-05
4.214214214214214493e+00 5.107407814964933790e-01 4.892022962433633659e-01 3.074408872919504924e-07 5.661481925541951647e-05
4.224224224224224500e+00 5.099427600317851805e-01 4.900000759029412012e-01 3.087468927746743211e-07 5.685531838031745468e-05
4.234234234234234506e+00 5.091460802766446525e-01 4.907965134624637793e-01 3.100550073065047002e-07 5.709620588372620883e-05
4.244244244244244513e+00 5.083507399751144851e-01 4.915916111785624820e-01 3.113652272471887900e-07 5.733748109529819884e-05
4.254254254254254519e+00 5.075567368844366989e-01 4.923853712946651418e-01 3.126775489777800702e-07 5.757914334860935547e-05
4.264264264264264526e+00 5.067640687612409156e-01 4.931777960548126005e-01 3.139919688783431627e-07 5.782119197705354481e-05
4.274274274274274532e+00 5.059727333495976920e-01 4.939688877156081515e-01 3.153084833086703851e-07 5.806362631029148773e-05
4.284284284284284539e+00 5.051827284088926673e-01 4.947586485183355087e-01 3.166270886532751352e-07 5.830644568253625314e-05
4.294294294294294545e+00 5.043940517022881265e-01 4.955470807005009082e-01 3.179477813027665890e-07 5.854964942912346582e-05
4.304304304304304551e+00 5.036067009967160057e-01 4.963341864958392136e-01 3.192705576538393251e-07 5.879323688650935477e-05
4.314314314314314558e+00 5.028206740628722304e-01 4.971199681343209109e-01 3.205954141092628424e-07 5.903720739226885593e-05
4.324324324324324564e+00 5.020359686752091655e-01 4.979044278421580483e-01 3.219223470778712896e-07 5.928156028509365378e-05
4.334334334334334571e+00 5.012525826119303973e-01 4.986875678418112301e-01 3.232513529745525600e-07 5.952629490479027048e-05
4.344344344344344577e+00 5.004705136549831845e-01 4.994693903519957234e-01 3.245824282202382328e-07 5.977141059227816171e-05
4.354354354354354584e+00 4.996897595900525180e-01 5.002498975876881193e-01 3.259155692418930385e-07 6.001690668958773123e-05
4.364364364364364590e+00 4.989103182065544595e-01 5.010290917601326610e-01 3.272507724725042172e-07 6.026278253985848098e-05
4.374374374374374597e+00 4.981321872976297582e-01 5.018069750768480164e-01 3.285880343510712493e-07 6.050903748733702561e-05
4.384384384384384603e+00 4.973553646601373557e-01 5.025835497416333286e-01 3.299273513225953199e-07 6.075567087737518158e-05
4.394394394394394610e+00 4.965798480946478355e-01 5.033588179545753771e-01 3.312687198380687840e-07 6.100268205642806304e-05
4.404404404404404616e+00 4.958056354054369841e-01 5.041327819120540177e-01 3.326121363544649493e-07 6.125007037205212348e-05
4.414414414414414622e+00 4.950327244004792959e-01 5.049054438067499539e-01 3.339575973347273292e-07 6.149783517290325838e-05
4.424424424424424629e+00 4.942611128914415342e-01 5.056768058276499556e-01 3.353050992477593198e-07 6.174597580873484009e-05
4.434434434434434635e+00 4.934907986936762359e-01 5.064468701600541856e-01 3.366546385684137708e-07 6.199449163039584760e-05
4.444444444444444642e+00 4.927217796262152172e-01 5.072156389855826397e-01 3.380062117774823974e-07 6.224338198982889460e-05
4.454454454454454648e+00 4.919540535117630786e-01 5.079831144821809197e-01 3.393598153616854574e-07 6.249264624006830508e-05
4.464464464464464655e+00 4.911876181766907101e-01 5.087492988241276715e-01 3.407154458136612688e-07 6.274228373523822950e-05
4.474474474474474661e+00 4.904224714510289074e-01 5.095141941820403586e-01 3.420730996319557280e-07 6.299229383055065254e-05
4.484484484484484668e+00 4.896586111684617659e-01 5.102778027228820346e-01 3.434327733210116691e-07 6.324267588230353648e-05
4.494494494494494674e+00 4.888960351663203530e-01 5.110401266099678930e-01 3.447944633911587519e-07 6.349342924787882889e-05
4.504504504504504681e+00 4.881347412855759904e-01 5.118011680029713739e-01 3.461581663586027687e-07 6.374455328574060600e-05
4.514514514514514687e+00 4.873747273708340932e-01 5.125609290579311583e-01 3.475238787454152149e-07 6.399604735543308045e-05
4.524524524524524693e+00 4.866159912703273416e-01 5.133194119272574962e-01 3.488915970795228600e-07 6.424791081757870394e-05
4.534534534534534700e+00 4.858585308359094634e-01 5.140766187597382020e-01 3.502613178946973183e-07 6.450014303387625631e-05
4.544544544544544706e+00 4.851023439230487400e-01 5.148325517005458707e-01 3.516330377305445143e-07 6.475274336709890756e-05
4.554554554554554713e+00 4.843474283908212885e-01 5.155872128912439845e-01 3.530067531324942003e-07 6.500571118109226628e-05
4.564564564564564719e+00 4.835937821019048455e-01 5.163406044697931296e-01 3.543824606517896337e-07 6.525904584077249580e-05
4.574574574574574726e+00 4.828414029017606968e-01 5.170927285913760052e-01 3.557601568118840321e-07 6.551274670593821680e-05
4.584584584584584732e+00 4.820902886763797079e-01 5.178435873706330739e-01 3.571398382016518385e-07 6.576681314843532504e-05
4.594594594594594739e+00 4.813404373006980874e-01 5.185931829332630638e-01 3.585215013921233173e-07 6.602124453682377053e-05
4.604604604604604745e+00 4.805918466515304299e-01 5.193415174030858728e-01 3.599051429573608462e-07 6.627604024022179963e-05
4.614614614614614752e+00 4.798445146092532032e-01 5.200885929003579156e-01 3.612907594771764095e-07 6.653119962880646345e-05
4.624624624624624758e+00 4.790984390577984198e-01 5.208344115417796738e-01 3.626783475371209576e-07 6.678672207381165273e-05
4.634634634634634764e+00 4.783536178846468090e-01 5.215789754405013579e-01 3.640679037284737657e-07 6.704260694752607846e-05
4.644644644644644771e+00 4.776100489808214333e-01 5.223222867061300123e-01 3.654594246482320049e-07 6.729885362329144239e-05
4.654654654654654777e+00 4.768677302408809160e-01 5.230643474447360664e-01 3.668529068990996780e-07 6.755546147550030918e-05
4.664664664664664784e+00 4.761266595629130016e-01 5.238051597588597730e-01 3.682483470894774548e-07 6.781242987959431754e-05
4.674674674674674790e+00 4.753868348485277839e-01 5.245447257475177594e-01 3.696457418334517668e-07 6.806975821206209310e-05
4.684684684684684797e+00 4.746482540028513220e-01 5.252830475062099103e-01 3.710450877507841132e-07 6.832744585043735107e-05
4.694694694694694803e+00 4.739109149345189786e-01 5.260201271269256962e-01 3.724463814669007379e-07 6.858549217329693113e-05
4.704704704704704810e+00 4.731748155556687596e-01 5.267559666981508348e-01 3.738496196128816708e-07 6.884389656025881874e-05
4.714714714714714816e+00 4.724399537819348183e-01 5.274905683048738414e-01 3.752547988254502460e-07 6.910265839198024781e-05
4.724724724724724823e+00 4.717063275324408500e-01 5.282239340285926898e-01 3.766619157469624607e-07 6.936177705015562716e-05
4.734734734734734829e+00 4.709739347297934309e-01 5.289560659473214743e-01 3.780709670253963875e-07 6.962125191751471090e-05
4.744744744744744835e+00 4.702427733000755228e-01 5.296869661355967374e-01 3.794819493143413216e-07 6.988108237782053849e-05
4.754754754754754842e+00 4.695128411728398676e-01 5.304166366644844643e-01 3.808948592729874049e-07 7.014126781586755091e-05
4.764764764764764848e+00 4.687841362811022705e-01 5.311450796015861897e-01 3.823096935661148788e-07 7.040180761747958488e-05
4.774774774774774855e+00 4.680566565613352159e-01 5.318722970110458803e-01 3.837264488640834971e-07 7.066270116950792133e-05
4.784784784784784861e+00 4.673303999534612063e-01 5.325982909535565968e-01 3.851451218428217783e-07 7.092394785982934736e-05
4.794794794794794868e+00 4.666053644008460455e-01 5.333230634863668218e-01 3.865657091838164184e-07 7.118554707734419112e-05
4.804804804804804874e+00 4.658815478502924545e-01 5.340466166632874545e-01 3.879882075741018086e-07 7.144749821197434315e-05
4.814814814814814881e+00 4.651589482520332997e-01 5.347689525346976946e-01 3.894126137062491827e-07 7.170980065466133195e-05
4.824824824824824887e+00 4.644375635597252083e-01 5.354900731475525921e-01 3.908389242783560821e-07 7.197245379736430461e-05
4.834834834834834894e+00 4.637173917304416859e-01 5.362099805453887091e-01 3.922671359940357680e-07 7.223545703305817012e-05
4.844844844844844900e+00 4.629984307246668429e-01 5.369286767683312256e-01 3.936972455624064216e-07 7.249880975573153941e-05
4.854854854854854906e+00 4.622806785062886226e-01 5.376461638531007114e-01 3.951292496980807681e-07 7.276251136038481442e-05
4.864864864864864913e+00 4.615641330425922506e-01 5.383624438330190110e-01 3.965631451211551711e-07 7.302656124302825012e-05
4.874874874874874919e+00 4.608487923042536294e-01 5.390775187380165701e-01 3.979989285571991502e-07 7.329095880067993513e-05
4.884884884884884926e+00 4.601346542821088126e-01 5.397913905778576327e-01 3.994365967643238019e-07 7.355570343635046548e-05
4.894894894894894932e+00 4.594217169650871568e-01 5.405040613642133618e-01 4.008761464975627400e-07 7.382079455248371114e-05
4.904904904904904939e+00 4.587099783115387019e-01 5.412155331393440072e-01 4.023175744625895803e-07 7.408623154243397057e-05
4.914914914914914945e+00 4.579994363060141960e-01 5.419258079193005617e-01 4.037608774073700292e-07 7.435201380734356971e-05
4.924924924924924952e+00 4.572900889364354682e-01 5.426348877167626039e-01 4.052060520853111324e-07 7.461814074935686769e-05
4.934934934934934958e+00 4.565819341940889897e-01 5.433427745410436271e-01 4.066530952552512700e-07 7.488461177161834595e-05
4.944944944944944965e+00 4.558749700736195454e-01 5.440494703980980340e-01 4.081020036814493035e-07 7.515142627827073795e-05
4.954954954954954971e+00 4.551691945730237387e-01 5.447549772905272425e-01 4.095527741335748876e-07 7.541858367445309123e-05
4.964964964964964977e+00 4.544646056936436640e-01 5.454592972175861254e-01 4.110054033866976714e-07 7.568608336629891061e-05
4.974974974974974984e+00 4.537612014401607441e-01 5.461624321751896716e-01 4.124598882212772389e-07 7.595392476093420673e-05
4.984984984984984990e+00 4.530589798205888474e-01 5.468643841559187591e-01 4.139162254231527865e-07 7.622210726647567994e-05
4.994994994994994997e+00 4.523579388462685147e-01 5.475651551490272606e-01 4.153744117835326934e-07 7.649063029202872812e-05
5.005005005005005003e+00 4.516580765318599644e-01 5.482647471404478168e-01 4.168344440989844106e-07 7.675949324768561706e-05
5.015015015015015010e+00 4.509593908953371533e-01 5.489631621127987193e-01 4.182963191714238726e-07 7.702869554452356957e-05
5.025025025025025016e+00 4.502618799579812814e-01 5.496604020453897954e-01 4.197600338081055450e-07 7.729823659460281391e-05
5.035035035035035023e+00 4.495655417443742419e-01 5.503564689142295130e-01 4.212255848216118366e-07 7.756811581096478131e-05
5.045045045045045029e+00 4.488703742823924037e-01 5.510513646920304209e-01 4.226929690298428818e-07 7.783833260763012730e-05
5.055055055055055035e+00 4.481763756032002277e-01 5.517450913482164765e-01 4.241621832560062706e-07 7.810888639959687500e-05
5.065065065065065042e+00 4.474835437412437722e-01 5.524376508489285964e-01 4.256332243286067254e-07 7.837977660283849068e-05
5.075075075075075048e+00 4.467918767342444197e-01 5.531290451570317623e-01 4.271060890814357245e-07 7.865100263430201350e-05
5.085085085085085055e+00 4.461013726231923826e-01 5.538192762321209051e-01 4.285807743535612853e-07 7.892256391190614461e-05
5.095095095095095061e+00 4.454120294523404300e-01 5.545083460305275658e-01 4.300572769893176405e-07 7.919445985453932269e-05
5.105105105105105068e+00 4.447238452691973931e-01 5.551962565053262244e-01 4.315355938382949153e-07 7.946668988205788080e-05
5.115115115115115074e+00 4.440368181245219481e-01 5.558830096063405168e-01 4.330157217553288043e-07 7.973925341528410838e-05
5.125125125125125081e+00 4.433509460723159545e-01 5.565686072801500073e-01 4.344976576004901946e-07 8.001214987600438098e-05
5.135135135135135087e+00 4.426662271698183493e-01 5.572530514700959614e-01 4.359813982390751612e-07 8.028537868696720872e-05
5.145145145145145094e+00 4.419826594774987072e-01 5.579363441162884518e-01 4.374669405415942195e-07 8.055893927188140669e-05
5.155155155155155100e+00 4.413002410590505797e-01 5.586184871556121312e-01 4.389542813837623732e-07 8.083283105541415694e-05
5.165165165165165106e+00 4.406189699813855554e-01 5.592994825217331156e-01 4.404434176464886318e-07 8.110705346318912467e-05
5.175175175175175113e+00 4.399388443146265426e-01 5.599793321451049799e-01 4.419343462158657408e-07 8.138160592178453378e-05
5.185185185185185119e+00 4.392598621321014418e-01 5.606580379529754188e-01 4.434270639831599639e-07 8.165648785873129661e-05
5.195195195195195126e+00 4.385820215103368724e-01 5.613356018693923533e-01 4.449215678448006014e-07 8.193169870251114373e-05
5.205205205205205132e+00 4.379053206163934786e-01 5.620120257278427012e-01 4.464178548433532714e-07 8.220723790851661161e-05
5.215215215215215139e+00 4.372297574683504662e-01 5.626873115108393941e-01 4.479159217809040562e-07 8.248310488785616165e-05
5.225225225225225145e+00 4.365553301435387001e-01 5.633614611416259965e-01 4.494157655551804928e-07 8.275929906925059097e-05
5.235235235235235152e+00 4.358820367320984657e-01 5.640344765306327668e-01 4.509173830845864571e-07 8.303581988522814369e-05
5.245245245245245158e+00 4.352098753273674903e-01 5.647063595850915219e-01 4.524207712926870087e-07 8.331266676926758394e-05
5.255255255255255165e+00 4.345388440258750040e-01 5.653771122090416323e-01 4.539259271081990201e-07 8.358983915579627148e-05
5.265265265265265171e+00 4.338689409273359110e-01 5.660467363033359067e-01 4.554328474649814893e-07 8.386733648018856243e-05
5.275275275275275177e+00 4.332001641346449605e-01 5.667152337656464756e-01 4.569415293020259574e-07 8.414515817876392549e-05
5.285285285285285184e+00 4.325325117538706410e-01 5.673826064904705646e-01 4.584519695634470855e-07 8.442330368878524791e-05
5.295295295295295190e+00 4.318659818942492401e-01 5.680488563691366011e-01 4.599641651984729666e-07 8.470177244845704650e-05
5.305305305305305197e+00 4.312005726681792384e-01 5.687139852898102088e-01 4.614781131614356498e-07 8.498056389692373294e-05
5.315315315315315203e+00 4.305362821912150362e-01 5.693779951374998705e-01 4.629938104117615577e-07 8.525967747426783840e-05
5.325325325325325210e+00 4.298731085820611253e-01 5.700408877940629226e-01 4.645112539139619049e-07 8.553911262150826525e-05
5.335335335335335216e+00 4.292110499625664266e-01 5.707026651382118843e-01 4.660304406376232741e-07 8.581886878059852525e-05
5.345345345345345223e+00 4.285501044577179064e-01 5.713633290455196745e-01 4.675513675573979290e-07 8.609894539442493702e-05
5.355355355355355229e+00 4.278902701956351362e-01 5.720228813884259411e-01 4.690740316529942314e-07 8.637934190680494559e-05
5.365365365365365236e+00 4.272315453075640757e-01 5.726813240362430557e-01 4.705984299091672186e-07 8.666005776248531987e-05
5.375375375375375242e+00 4.265739279278711882e-01 5.733386588551618868e-01 4.721245593157090739e-07 8.694109240714039083e-05
5.385385385385385248e+00 4.259174161940376679e-01 5.739948877082576839e-01 4.736524168674393329e-07 8.722244528737027613e-05
5.395395395395395255e+00 4.252620082466532780e-01 5.746500124554959621e-01 4.751819995641955661e-07 8.750411585069918605e-05
5.405405405405405261e+00 4.246077022294106884e-01 5.753040349537388298e-01 4.767133044108237969e-07 8.778610354557358033e-05
5.415415415415415268e+00 4.239544962890994806e-01 5.759569570567502073e-01 4.782463284171687608e-07 8.806840782136048768e-05
5.425425425425425274e+00 4.233023885756000970e-01 5.766087806152024875e-01 4.797810685980645350e-07 8.835102812834567617e-05
5.435435435435435281e+00 4.226513772418780679e-01 5.772595074766817547e-01 4.813175219733251149e-07 8.863396391773193208e-05
5.445445445445445287e+00 4.220014604439780714e-01 5.779091394856942232e-01 4.828556855677344620e-07 8.891721464163731159e-05
5.455455455455455294e+00 4.213526363410178277e-01 5.785576784836722330e-01 4.843955564110371862e-07 8.920077975309335190e-05
5.465465465465465300e+00 4.207049030951826030e-01 5.792051263089793567e-01 4.859371315379290165e-07 8.948465870604333644e-05
5.475475475475475307e+00 4.200582588717187704e-01 5.798514847969173935e-01 4.874804079880473784e-07 8.976885095534051955e-05
5.485485485485485313e+00 4.194127018389283701e-01 5.804967557797315880e-01 4.890253828059614405e-07 9.005335595674635106e-05
5.495495495495495319e+00 4.187682301681628361e-01 5.811409410866167358e-01 4.905720530411629036e-07 9.033817316692876868e-05
5.505505505505505326e+00 4.181248420338171679e-01 5.817840425437231788e-01 4.921204157480562594e-07 9.062330204346038197e-05
5.515515515515515332e+00 4.174825356458187753e-01 5.824260619416582463e-01 4.936704680384010358e-07 9.090874205447565084e-05
5.525525525525525339e+00 4.168413092125246577e-01 5.830670010726002328e-01 4.952222070214224382e-07 9.119449266764228612e-05
5.535535535535535345e+00 4.162011608690358577e-01 5.837068618020051503e-01 4.967756296880973312e-07 9.148055332885284159e-05
5.545545545545545352e+00 4.155620888026436699e-01 5.843456459431232153e-01 4.983307331136467826e-07 9.176692349951329978e-05
5.555555555555555358e+00 4.149240912036810114e-01 5.849833553061621894e-01 4.998875143782017924e-07 9.205360264193373230e-05
5.565565565565565365e+00 4.142871662655168152e-01 5.856199916982928189e-01 5.014459705667933402e-07 9.234059021932661932e-05
5.575575575575575371e+00 4.136513121845504792e-01 5.862555569236544972e-01 5.030060987693446562e-07 9.262788569580527752e-05
5.585585585585585378e+00 4.130165271602064259e-01 5.868900527833605940e-01 5.045678960806615864e-07 9.291548853638217952e-05
5.595595595595595384e+00 4.123828093949286067e-01 5.875234810755043391e-01 5.061313596004239100e-07 9.320339820696731407e-05
5.605605605605605390e+00 4.117501570941749511e-01 5.881558435951638186e-01 5.076964864331766576e-07 9.349161417436660038e-05
5.615615615615615397e+00 4.111185684664119266e-01 5.887871421344076373e-01 5.092632736883208997e-07 9.378013590628022115e-05
5.625625625625625403e+00 4.104880417231090428e-01 5.894173784823006912e-01 5.108317184801052764e-07 9.406896287130098275e-05
5.635635635635635410e+00 4.098585750787333559e-01 5.900465544249093863e-01 5.124018179276165741e-07 9.435809453891268888e-05
5.645645645645645416e+00 4.092301667507438623e-01 5.906746717453070783e-01 5.139735691547716786e-07 9.464753037948850074e-05
5.655655655655655423e+00 4.086028149595861136e-01 5.913017322235798456e-01 5.155469692903076229e-07 9.493726986428933782e-05
5.665665665665665429e+00 4.079765179286867771e-01 5.919277376368318189e-01 5.171220154677738572e-07 9.522731246546218382e-05
5.675675675675675436e+00 4.073512738844479175e-01 5.925526897591907316e-01 5.186987048255222971e-07 9.551765765603850104e-05
5.685685685685685442e+00 4.067270810562417238e-01 5.931765903618133606e-01 5.202770345066992764e-07 9.580830490993256338e-05
5.695695695695695449e+00 4.061039376764049025e-01 5.937994412128910771e-01 5.218570016592362296e-07 9.609925370193987074e-05
5.705705705705705455e+00 4.054818419802331264e-01 5.944212440776552864e-01 5.234386034358410102e-07 9.639050350773544136e-05
5.715715715715715461e+00 4.048607922059757058e-01 5.950420007183829796e-01 5.250218369939888906e-07 9.668205380387223972e-05
5.725725725725725468e+00 4.042407865948298706e-01 5.956617128944023953e-01 5.266066994959137744e-07 9.697390406777950964e-05
5.735735735735735474e+00 4.036218233909355524e-01 5.962803823620981269e-01 5.281931881085993025e-07 9.726605377776116146e-05
5.745745745745745481e+00 4.030039008413696111e-01 5.968980108749168956e-01 5.297813000037698531e-07 9.755850241299411868e-05
5.755755755755755487e+00 4.023870171961404507e-01 5.975146001833732123e-01 5.313710323578818602e-07 9.785124945352669163e-05
5.765765765765765494e+00 4.017711707081825234e-01 5.981301520350543743e-01 5.329623823521150248e-07 9.814429438027693763e-05
5.775775775775775500e+00 4.011563596333509452e-01 5.987446681746264598e-01 5.345553471723628926e-07 9.843763667503106177e-05
5.785785785785785507e+00 4.005425822304156669e-01 5.993581503438394353e-01 5.361499240092247006e-07 9.873127582044169577e-05
5.795795795795795513e+00 3.999298367610564231e-01 5.999706002815330397e-01 5.377461100579960599e-07 9.902521130002638007e-05
5.805805805805805520e+00 3.993181214898567921e-01 6.005820197236421132e-01 5.393439025186601679e-07 9.931944259816582912e-05
5.815815815815815526e+00 3.987074346842990891e-01 6.011924104032018157e-01 5.409432985958788087e-07 9.961396920010237284e-05
5.825825825825825532e+00 3.980977746147585372e-01 6.018017740503536217e-01 5.425442954989837763e-07 9.990879059193824899e-05
5.835835835835835539e+00 3.974891396012716904e-01 6.024101123455627427e-01 5.441468905174687925e-07 1.002039062745373925e-04
5.845845845845845545e+00 3.968815278868924046e-01 6.030174270463004582e-01 5.457510808165639281e-07 1.004993157258808519e-04
5.855855855855855552e+00 3.962749377445445864e-01 6.036237198801585047e-01 5.473568636097146988e-07 1.007950184328283970e-04
5.865865865865865558e+00 3.956693674566077457e-01 6.042289925652706284e-01 5.489642361256295186e-07 1.010910138850504834e-04
5.875875875875875565e+00 3.950648153083438086e-01 6.048332468168871046e-01 5.505731955976696591e-07 1.013873015730743573e-04
5.885885885885885571e+00 3.944612795878921219e-01 6.054364843473798441e-01 5.521837392638407800e-07 1.016838809882825379e-04
5.895895895895895578e+00 3.938587585862640128e-01 6.060387068662482779e-01 5.537958643667844577e-07 1.019807516229112587e-04
5.905905905905905584e+00 3.932572505973376265e-01 6.066399160801236867e-01 5.554095681537698216e-07 1.022779129700488685e-04
5.915915915915915591e+00 3.926567539178527633e-01 6.072401136927753074e-01 5.570248478766851893e-07 1.025753645236343538e-04
5.925925925925925597e+00 3.920572668474054945e-01 6.078393014051147736e-01 5.586417007920290670e-07 1.028731057784556857e-04
5.935935935935935603e+00 3.914587876884429996e-01 6.084374809152022223e-01 5.602601241609025262e-07 1.031711362301483426e-04
5.945945945945945610e+00 3.908613147462583481e-01 6.090346539182507346e-01 5.618801152490000981e-07 1.034694553751937111e-04
5.955955955955955616e+00 3.902648463289852265e-01 6.096308221066321087e-01 5.635016713266014090e-07 1.037680627109175405e-04
5.965965965965965623e+00 3.896693807475926086e-01 6.102259871698817451e-01 5.651247896685629219e-07 1.040669577354883581e-04
5.975975975975975629e+00 3.890749163158797042e-01 6.108201507947044195e-01 5.667494675543094663e-07 1.043661399479159640e-04
5.985985985985985636e+00 3.884814513504705746e-01 6.114133146649786132e-01 5.683757022678256615e-07 1.046656088480498186e-04
5.995995995995995642e+00 3.878889841708089703e-01 6.120054804617629518e-01 5.700034910976474469e-07 1.049653639365775385e-04
6.006006006006005649e+00 3.872975130991530013e-01 6.125966498633002022e-01 5.716328313368535052e-07 1.052654047150232837e-04
6.016016016016015655e+00 3.867070364605699750e-01 6.131868245450234900e-01 5.732637202830574278e-07 1.055657306857462393e-04
6.026026026026025662e+00 3.861175525829311783e-01 6.137760061795611843e-01 5.748961552383983972e-07 1.058663413519390440e-04
6.036036036036035668e+00 3.855290597969064925e-01 6.143641964367418939e-01 5.765301335095331402e-07 1.061672362176262311e-04
6.046046046046045674e+00 3.849415564359592867e-01 6.149513969836001293e-01 5.781656524076276695e-07 1.064684147876626702e-04
6.056056056056055681e+00 3.843550408363412552e-01 6.155376094843812984e-01 5.798027092483483896e-07 1.067698765677320221e-04
6.066066066066065687e+00 3.837695113370869215e-01 6.161228356005469253e-01 5.814413013518540502e-07 1.070716210643451669e-04
6.076076076076075694e+00 3.831849662800085321e-01 6.167070769907800898e-01 5.830814260427870639e-07 1.073736477848386450e-04
6.086086086086085700e+00 3.826014040096910040e-01 6.172903353109905344e-01 5.847230806502648245e-07 1.076759562373731129e-04
6.096096096096095707e+00 3.820188228734862079e-01 6.178726122143198829e-01 5.863662625078718713e-07 1.079785459309317701e-04
6.106106106106105713e+00 3.814372212215083047e-01 6.184539093511469687e-01 5.880109689536507843e-07 1.082814163753188151e-04
6.116116116116115720e+00 3.808565974066280835e-01 6.190342283690929426e-01 5.896571973300941366e-07 1.085845670811578861e-04
6.126126126126125726e+00 3.802769497844679103e-01 6.196135709130267122e-01 5.913049449841358129e-07 1.088879975598904757e-04
6.136136136136135732e+00 3.796982767133963432e-01 6.201919386250701605e-01 5.929542092671427507e-07 1.091917073237744131e-04
6.146146146146145739e+00 3.791205765805743533e-01 6.207693331185439867e-01 5.946049875769569971e-07 1.094956958936259619e-04
6.156156156156155745e+00 3.785438477757480102e-01 6.213457560041831806e-01 5.962572773155932951e-07 1.097999627910297869e-04
6.166166166166165752e+00 3.779680886212401503e-01 6.219212089601661164e-01 5.979110757762353597e-07 1.101045075175291840e-04
6.176176176176175758e+00 3.773932974867348911e-01 6.224956936172956201e-01 5.995663803285148057e-07 1.104093295887454486e-04
6.186186186186185765e+00 3.768194727446467773e-01 6.230692116036433692e-01 6.012231883464709954e-07 1.107144285211114962e-04
6.196196196196195771e+00 3.762466127701155627e-01 6.236417645445548885e-01 6.028814972085418278e-07 1.110198038318702769e-04
6.206206206206205778e+00 3.756747159410011583e-01 6.242133540626551014e-01 6.045413042975564318e-07 1.113254550390733116e-04
6.216216216216215784e+00 3.751037806378784700e-01 6.247839817778525484e-01 6.062026070007259560e-07 1.116313816615791199e-04
6.226226226226225791e+00 3.745338052440324028e-01 6.253536493073453828e-01 6.078654027096359443e-07 1.119375832190517704e-04
6.236236236236235797e+00 3.739647881454525868e-01 6.259223582656261442e-01 6.095296888202380781e-07 1.122440592319592944e-04
6.246246246246245803e+00 3.733967277308283261e-01 6.264901102644868658e-01 6.111954627328414939e-07 1.125508092215721684e-04
6.256256256256255810e+00 3.728296223915434915e-01 6.270569069130242923e-01 6.128627218521048421e-07 1.128578327099618504e-04
6.266266266266265816e+00 3.722634705216713025e-01 6.276227498176446540e-01 6.145314635870278172e-07 1.131651292199991536e-04
6.276276276276275823e+00 3.716982705179693869e-01 6.281876405820695508e-01 6.162016853509431108e-07 1.134726982753528503e-04
6.286286286286285829e+00 3.711340207798744517e-01 6.287515808073400603e-01 6.178733845615079411e-07 1.137805394004880595e-04
6.296296296296295836e+00 3.705707197094974537e-01 6.293145720918228436e-01 6.195465586406962179e-07 1.140886521206647557e-04
6.306306306306305842e+00 3.700083657116181035e-01 6.298766160312145868e-01 6.212212050147894372e-07 1.143970359619362242e-04
6.316316316316315849e+00 3.694469571936799812e-01 6.304377142185473293e-01 6.228973211143694811e-07 1.147056904511476111e-04
6.326326326326325855e+00 3.688864925657854843e-01 6.309978682441937936e-01 6.245749043743091949e-07 1.150146151159342831e-04
6.336336336336335862e+00 3.683269702406904988e-01 6.315570796958721589e-01 6.262539522337652929e-07 1.153238094847204180e-04
6.346346346346345868e+00 3.677683886337993480e-01 6.321153501586513901e-01 6.279344621361691472e-07 1.156332730867174331e-04
6.356356356356355874e+00 3.672107461631597958e-01 6.326726812149563450e-01 6.296164315292190582e-07 1.159430054519224398e-04
6.366366366366365881e+00 3.666540412494578294e-01 6.332290744445727704e-01 6.312998578648718903e-07 1.162530061111167665e-04
6.376376376376375887e+00 3.660982723160124408e-01 6.337845314246526307e-01 6.329847385993347078e-07 1.165632745958644406e-04
6.386386386386385894e+00 3.655434377887706865e-01 6.343390537297191045e-01 6.346710711930566215e-07 1.168738104385106031e-04
6.396396396396395900e+00 3.649895360963025248e-01 6.348926429316716913e-01 6.363588531107201072e-07 1.171846131721800583e-04
6.406406406406405907e+00 3.644365656697955980e-01 6.354453005997914294e-01 6.380480818212336997e-07 1.174956823307757016e-04
6.416416416416416801e+00 3.638845249430501250e-01 6.359970283007456704e-01 6.397387547977226757e-07 1.178070174489770697e-04
6.426426426426426808e+00 3.633334123524740167e-01 6.365478275985938517e-01 6.414308695175212186e-07 1.181186180622386598e-04
6.436436436436436814e+00 3.627832263370773802e-01 6.370977000547919378e-01 6.431244234621644774e-07 1.184304837067886153e-04
6.446446446446446821e+00 3.622339653384676894e-01 6.376466472281980824e-01 6.448194141173797792e-07 1.187426139196270854e-04
6.456456456456456827e+00 3.616856278008445669e-01 6.381946706750775133e-01 6.465158389730786877e-07 1.190550082385246808e-04
6.466466466466466834e+00 3.611382121709946214e-01 6.387417719491074175e-01 6.482136955233485333e-07 1.193676662020210503e-04
6.476476476476476840e+00 3.605917168982863963e-01 6.392879526013824920e-01 6.499129812664443663e-07 1.196805873494232407e-04
6.486486486486486847e+00 3.600461404346652627e-01 6.398332141804198292e-01 6.516136937047804860e-07 1.199937712208042745e-04
6.496496496496496853e+00 3.595014812346481459e-01 6.403775582321641346e-01 6.533158303449223946e-07 1.203072173570015908e-04
6.506506506506506859e+00 3.589577377553185844e-01 6.409209862999926122e-01 6.550193886975781148e-07 1.206209252996155002e-04
6.516516516516516866e+00 3.584149084563216237e-01 6.414634999247206260e-01 6.567243662775905663e-07 1.209348945910077082e-04
6.526526526526526872e+00 3.578729917998585419e-01 6.420051006446061415e-01 6.584307606039287784e-07 1.212491247742997289e-04
6.536536536536536879e+00 3.573319862506817435e-01 6.425457899953552765e-01 6.601385691996798424e-07 1.215636153933714625e-04
6.546546546546546885e+00 3.567918902760897626e-01 6.430855695101272973e-01 6.618477895920404421e-07 1.218783659928595687e-04
6.556556556556556892e+00 3.562527023459221565e-01 6.436244407195399475e-01 6.635584193123090180e-07 1.221933761181560028e-04
6.566566566566566898e+00 3.557144210719273558e-01 6.441624050122591871e-01 6.652704561208502013e-07 1.225086453568346632e-04
6.576576576576576905e+00 3.551770448314064410e-01 6.446994640114689368e-01 6.669838973995883842e-07 1.228241732267807134e-04
6.586586586586586911e+00 3.546405720775038239e-01 6.452356192644865818e-01 6.686987406528732305e-07 1.231399592684236208e-04
6.596596596596596918e+00 3.541050012910315070e-01 6.457708722909542010e-01 6.704149834297142164e-07 1.234560030304168786e-04
6.606606606606606924e+00 3.535703309553397400e-01 6.463052246079743490e-01 6.721326232832183398e-07 1.237723040621683949e-04
6.616616616616616930e+00 3.530365595563121905e-01 6.468386777301157187e-01 6.738516577705816503e-07 1.240888619138392189e-04
6.626626626626626937e+00 3.525036855823613369e-01 6.473712331694174704e-01 6.755720844530820491e-07 1.244056761363420229e-04
6.636636636636636943e+00 3.519717075244231941e-01 6.479028924353941177e-01 6.772939008960712424e-07 1.247227462813395847e-04
6.646646646646646950e+00 3.514406238759528733e-01 6.484336570350407447e-01 6.790171046689666948e-07 1.250400719012434588e-04
6.656656656656656956e+00 3.509104331329194748e-01 6.489635284728375586e-01 6.807416933452438994e-07 1.253576525492125678e-04
6.666666666666666963e+00 3.503811337938013137e-01 6.494925082507545522e-01 6.824676645024289672e-07 1.256754877791515211e-04
6.676676676676676969e+00 3.498527243595810354e-01 6.500205978682570551e-01 6.841950157220900501e-07 1.259935771457094771e-04
6.686686686686686976e+00 3.493252033337408968e-01 6.505477988223098418e-01 6.859237445898300357e-07 1.263119202042785165e-04
6.696696696696696982e+00 3.487985692222577150e-01 6.510741126073821272e-01 6.876538486952786062e-07 1.266305165109922058e-04
6.706706706706706989e+00 3.482728205335980931e-01 6.515995407154531183e-01 6.893853256320845094e-07 1.269493656227242424e-04
6.716716716716716995e+00 3.477479557787137576e-01 6.521240846360156773e-01 6.911181729979072998e-07 1.272684670970869090e-04
6.726726726726727001e+00 3.472239734710362846e-01 6.526477458560824285e-01 6.928523883944099273e-07 1.275878204924297730e-04
6.736736736736737008e+00 3.467008721264726590e-01 6.531705258601896436e-01 6.945879694272509020e-07 1.279074253678380330e-04
6.746746746746747014e+00 3.461786502634002227e-01 6.536924261304024597e-01 6.963249137060761418e-07 1.282272812831313261e-04
6.756756756756757021e+00 3.456573064026618458e-01 6.542134481463199869e-01 6.980632188445114546e-07 1.285473877988620747e-04
6.766766766766767027e+00 3.451368390675611519e-01 6.547335933850796375e-01 6.998028824601544918e-07 1.288677444763141309e-04
6.776776776776777034e+00 3.446172467838575226e-01 6.552528633213623444e-01 7.015439021745672307e-07 1.291883508775013673e-04
6.786786786786787040e+00 3.440985280797613233e-01 6.557712594273974460e-01 7.032862756132675042e-07 1.295092065651661862e-04
6.796796796796797047e+00 3.435806814859290736e-01 6.562887831729673493e-01 7.050300004057220129e-07 1.298303111027780828e-04
6.806806806806807053e+00 3.430637055354586185e-01 6.568054360254121926e-01 7.067750741853378544e-07 1.301516640545321820e-04
6.816816816816817060e+00 3.425475987638841313e-01 6.573212194496355076e-01 7.085214945894549006e-07 1.304732649853479096e-04
6.826826826826827066e+00 3.420323597091715073e-01 6.578361349081078835e-01 7.102692592593380681e-07 1.307951134608673668e-04
6.836836836836837072e+00 3.415179869117132005e-01 6.583501838608730727e-01 7.120183658401691654e-07 1.311172090474540554e-04
6.846846846846847079e+00 3.410044789143236166e-01 6.588633677655517662e-01 7.137688119810395878e-07 1.314395513121913064e-04
6.856856856856857085e+00 3.404918342622342275e-01 6.593756880773471440e-01 7.155205953349418464e-07 1.317621398228809514e-04
6.866866866866867092e+00 3.399800515030885761e-01 6.598871462490494277e-01 7.172737135587623689e-07 1.320849741480417780e-04
6.876876876876877098e+00 3.394691291869375571e-01 6.603977437310407650e-01 7.190281643132732404e-07 1.324080538569081741e-04
6.886886886886887105e+00 3.389590658662345324e-01 6.609074819713003368e-01 7.207839452631242634e-07 1.327313785194286105e-04
6.896896896896897111e+00 3.384498600958305015e-01 6.614163624154086873e-01 7.225410540768357568e-07 1.330549477062642580e-04
6.906906906906907118e+00 3.379415104329691610e-01 6.619243865065531640e-01 7.242994884267900868e-07 1.333787609887875244e-04
6.916916916916917124e+00 3.374340154372821310e-01 6.624315556855323583e-01 7.260592459892240426e-07 1.337028179390805900e-04
6.926926926926927131e+00 3.369273736707840694e-01 6.629378713907611020e-01 7.278203244442211079e-07 1.340271181299339991e-04
6.936936936936937137e+00 3.364215836978678986e-01 6.634433350582753519e-01 7.295827214757036255e-07 1.343516611348452225e-04
6.946946946946947143e+00 3.359166440852998647e-01 6.639479481217368528e-01 7.313464347714247506e-07 1.346764465280171131e-04
6.956956956956957150e+00 3.354125534022146526e-01 6.644517120124384668e-01 7.331114620229608274e-07 1.350014738843566590e-04
6.966966966966967156e+00 3.349093102201106120e-01 6.649546281593085029e-01 7.348778009257034486e-07 1.353267427794733297e-04
6.976976976976977163e+00 3.344069131839665365e-01 6.654566979177729547e-01 7.366454492936520065e-07 1.356522528108184441e-04
6.986986986986987169e+00 3.339053609617121388e-01 6.659579226202997360e-01 7.384144049778520444e-07 1.359780035826653379e-04
6.996996996996997176e+00 3.334046519921942120e-01 6.664583038285086802e-01 7.401846654595767666e-07 1.363039946311932974e-04
7.007007007007007182e+00 3.329047848574678281e-01 6.669578429607680992e-01 7.419562284512580566e-07 1.366302255351497987e-04
7.017017017017017189e+00 3.324057581419582741e-01 6.674565414330755342e-01 7.437290916691536341e-07 1.369566958739868324e-04
7.027027027027027195e+00 3.319075704324569442e-01 6.679544006590618643e-01 7.455032528333403846e-07 1.372834052278596568e-04
7.037037037037037202e+00 3.314102203181164552e-01 6.684514220499957471e-01 7.472787096677065240e-07 1.376103531776254427e-04
7.047047047047047208e+00 3.309137063904463716e-01 6.689476070147883924e-01 7.490554598999450345e-07 1.379375393048418912e-04
7.057057057057057214e+00 3.304180272433087096e-01 6.694429569599977814e-01 7.508335012615457233e-07 1.382649631917660135e-04
7.067067067067067221e+00 3.299231814729133294e-01 6.699374732898333296e-01 7.526128314877885526e-07 1.385926244213526678e-04
7.077077077077077227e+00 3.294291676778136058e-01 6.704311574061603274e-01 7.543934483177359102e-07 1.389205225772533392e-04
7.087087087087087234e+00 3.289359844589017645e-01 6.709240107085044924e-01 7.561753494942259389e-07 1.392486572438147031e-04
7.097097097097097240e+00 3.284436304194045531e-01 6.714160345940561880e-01 7.579585327638645962e-07 1.395770280060773516e-04
7.107107107107107247e+00 3.279521041648786328e-01 6.719072304576751975e-01 7.597429958770188772e-07 1.399056344497744380e-04
7.117117117117117253e+00 3.274614043032062494e-01 6.723975996918953868e-01 7.615287365878096157e-07 1.402344761613304029e-04
7.127127127127127260e+00 3.269715294445904585e-01 6.728871436869285905e-01 7.633157526541038602e-07 1.405635527278595103e-04
7.137137137137137266e+00 3.264824782015509075e-01 6.733758638306696076e-01 7.651040418375078862e-07 1.408928637371646285e-04
7.147147147147147273e+00 3.259942491889193383e-01 6.738637615087005317e-01 7.668936019033599963e-07 1.412224087777358742e-04
7.157157157157157279e+00 3.255068410238348142e-01 6.743508381042954136e-01 7.686844306207231089e-07 1.415521874387492304e-04
7.167167167167167285e+00 3.250202523257395559e-01 6.748370949984241474e-01 7.704765257623776640e-07 1.418821993100652184e-04
7.177177177177177292e+00 3.245344817163743345e-01 6.753225335697579101e-01 7.722698851048142118e-07 1.422124439822276777e-04
7.187187187187187298e+00 3.240495278197738638e-01 6.758071551946728261e-01 7.740645064282262130e-07 1.425429210464622214e-04
7.197197197197197305e+00 3.235653892622625261e-01 6.762909612472548515e-01 7.758603875165030505e-07 1.428736300946751518e-04
7.207207207207207311e+00 3.230820646724497092e-01 6.767739530993042152e-01 7.776575261572221947e-07 1.432045707194518611e-04
7.217217217217217318e+00 3.225995526812254210e-01 6.772561321203399709e-01 7.794559201416427447e-07 1.435357425140557476e-04
7.227227227227227324e+00 3.221178519217556824e-01 6.777374996776041050e-01 7.812555672646974872e-07 1.438671450724266973e-04
7.237237237237237331e+00 3.216369610294782522e-01 6.782180571360667543e-01 7.830564653249859088e-07 1.441987779891798103e-04
7.247247247247247337e+00 3.211568786420979094e-01 6.786978058584298701e-01 7.848586121247672079e-07 1.445306408596041539e-04
7.257257257257257343e+00 3.206776033995820674e-01 6.791767472051323251e-01 7.866620054699525652e-07 1.448627332796612445e-04
7.267267267267267350e+00 3.201991339441562223e-01 6.796548825343541322e-01 7.884666431700983680e-07 1.451950548459838555e-04
7.277277277277277356e+00 3.197214689202996230e-01 6.801322132020209965e-01 7.902725230383983745e-07 1.455276051558747157e-04
7.287287287287287363e+00 3.192446069747406634e-01 6.806087405618086450e-01 7.920796428916772558e-07 1.458603838073049646e-04
7.297297297297297369e+00 3.187685467564522201e-01 6.810844659651478228e-01 7.938880005503825487e-07 1.461933903989130951e-04
7.307307307307307376e+00 3.182932869166476553e-01 6.815593907612280677e-01 7.956975938385781970e-07 1.465266245300033549e-04
7.317317317317317382e+00 3.178188261087757094e-01 6.820335162970027065e-01 7.975084205839362933e-07 1.468600858005446341e-04
7.327327327327327389e+00 3.173451629885165604e-01 6.825068439171931844e-01 7.993204786177311496e-07 1.471937738111690026e-04
7.337337337337337395e+00 3.168722962137769383e-01 6.829793749642936174e-01 8.011337657748306149e-07 1.475276881631703814e-04
7.347347347347347402e+00 3.164002244446859069e-01 6.834511107785752326e-01 8.029482798936901466e-07 1.478618284585032688e-04
7.357357357357357408e+00 3.159289463435901446e-01 6.839220526980908099e-01 8.047640188163446572e-07 1.481961942997813309e-04
7.367367367367367414e+00 3.154584605750496706e-01 6.843922020586792332e-01 8.065809803884014208e-07 1.485307852902761818e-04
7.377377377377377421e+00 3.149887658058331819e-01 6.848615601939700426e-01 8.083991624590334024e-07 1.488656010339158660e-04
7.387387387387387427e+00 3.145198607049136674e-01 6.853301284353876532e-01 8.102185628809713174e-07 1.492006411352837466e-04
7.397397397397397434e+00 3.140517441168689805e-01 6.857979079386996579e-01 8.120391797904097978e-07 1.495359052511611520e-04
7.407407407407407440e+00 3.135844146023638590e-01 6.862649001436709195e-01 8.138610108652465587e-07 1.498713929539370918e-04
7.417417417417417447e+00 3.131178707988814813e-01 6.867311064132253229e-01 8.156840539073805976e-07 1.502071038388345242e-04
7.427427427427427453e+00 3.126521113852806510e-01 6.871965280688987487e-01 8.175083067854998836e-07 1.505430375133753255e-04
7.437437437437437460e+00 3.121871350426319025e-01 6.876611664300145144e-01 8.193337673718625235e-07 1.508791935857387240e-04
7.447447447447447466e+00 3.117229404542131155e-01 6.881250228136881475e-01 8.211604335422896683e-07 1.512155716647600257e-04
7.457457457457457473e+00 3.112595263055054629e-01 6.885880985348309391e-01 8.229883031761588429e-07 1.515521713599295574e-04
7.467467467467467479e+00 3.107968912841894138e-01 6.890503949061546063e-01 8.248173741563976987e-07 1.518889922813912842e-04
7.477477477477477485e+00 3.103350340801401819e-01 6.895119132381750671e-01 8.266476443694766027e-07 1.522260340399416443e-04
7.487487487487487492e+00 3.098739533854242278e-01 6.899726548392165482e-01 8.284791117054026020e-07 1.525632962470283016e-04
7.497497497497497498e+00 3.094136478942944857e-01 6.904326210154162480e-01 8.303117740577123298e-07 1.529007785147488995e-04
7.507507507507507505e+00 3.089541163031865323e-01 6.908918130707278893e-01 8.321456293234655472e-07 1.532384804558498679e-04
7.517517517517517511e+00 3.084953573107144242e-01 6.913502323069260491e-01 8.339806754032382609e-07 1.535764016837251492e-04
7.527527527527527518e+00 3.080373696176665899e-01 6.918078800236103776e-01 8.358169102011162641e-07 1.539145418124150059e-04
7.537537537537537524e+00 3.075801519270014994e-01 6.922647575182098167e-01 8.376543316246883610e-07 1.542529004566047467e-04
7.547547547547547531e+00 3.071237029438437238e-01 6.927208660859865974e-01 8.394929375850395901e-07 1.545914772316235608e-04
7.557557557557557537e+00 3.066680213754797157e-01 6.931762070200403469e-01 8.413327259967445537e-07 1.549302717534431625e-04
7.567567567567567544e+00 3.062131059313536463e-01 6.936307816113124192e-01 8.431736947778608539e-07 1.552692836386767618e-04
7.577577577577577550e+00 3.057589553230632973e-01 6.940845911485898911e-01 8.450158418499223156e-07 1.556085125045776000e-04
7.587587587587587556e+00 3.053055682643558422e-01 6.945376369185095600e-01 8.468591651379323170e-07 1.559479579690378661e-04
7.597597597597597563e+00 3.048529434711239050e-01 6.949899202055624947e-01 8.487036625703571183e-07 1.562876196505875038e-04
7.607607607607607569e+00 3.044010796614011194e-01 6.954414422920979222e-01 8.505493320791190861e-07 1.566274971683928022e-04
7.617617617617617576e+00 3.039499755553582427e-01 6.958922044583274458e-01 8.523961715995901288e-07 1.569675901422553114e-04
7.627627627627627582e+00 3.034996298752989374e-01 6.963422079823289312e-01 8.542441790705849200e-07 1.573078981926105961e-04
7.637637637637637589e+00 3.030500413456555520e-01 6.967914541400510586e-01 8.560933524343544402e-07 1.576484209405269342e-04
7.647647647647647595e+00 3.026012086929849576e-01 6.972399442053172081e-01 8.579436896365788827e-07 1.579891580077041511e-04
7.657657657657657602e+00 3.021531306459647181e-01 6.976876794498297896e-01 8.597951886263611951e-07 1.583301090164723735e-04
7.667667667667667608e+00 3.017058059353884825e-01 6.981346611431739069e-01 8.616478473562205149e-07 1.586712735897907549e-04
7.677677677677677615e+00 3.012592332941621542e-01 6.985808905528223534e-01 8.635016637820852869e-07 1.590126513512463374e-04
7.687687687687687621e+00 3.008134114572997286e-01 6.990263689441389428e-01 8.653566358632865935e-07 1.593542419250527236e-04
7.697697697697697627e+00 3.003683391619189624e-01 6.994710975803829500e-01 8.672127615625516954e-07 1.596960449360488568e-04
7.707707707707707634e+00 2.999240151472374327e-01 6.999150777227135523e-01 8.690700388459968322e-07 1.600380600096979096e-04
7.717717717717717640e+00 2.994804381545683736e-01 7.003583106301933814e-01 8.709284656831211874e-07 1.603802867720858475e-04
7.727727727727727647e+00 2.990376069273164017e-01 7.008007975597931871e-01 8.727880400467998998e-07 1.607227248499203988e-04
7.737737737737737653e+00 2.985955202109734086e-01 7.012425397663957227e-01 8.746487599132769705e-07 1.610653738705296995e-04
7.747747747747747660e+00 2.981541767531145082e-01 7.016835385027999639e-01 8.765106232621593327e-07 1.614082334618611005e-04
7.757757757757757666e+00 2.977135753033939292e-01 7.021237950197251054e-01 8.783736280764098644e-07 1.617513032524799208e-04
7.767767767767767673e+00 2.972737146135407404e-01 7.025633105658148914e-01 8.802377723423401882e-07 1.620945828715682549e-04
7.777777777777777679e+00 2.968345934373546324e-01 7.030020863876419446e-01 8.821030540496049542e-07 1.624380719489236719e-04
7.787787787787787686e+00 2.963962105307020867e-01 7.034401237297113196e-01 8.839694711911942162e-07 1.627817701149581039e-04
7.797797797797797692e+00 2.959585646515119350e-01 7.038774238344651657e-01 8.858370217634275031e-07 1.631256770006964639e-04
7.807807807807807698e+00 2.955216546061280036e-01 7.043139878959161493e-01 8.877057038407683208e-07 1.634697922515548495e-04
7.817817817817817705e+00 2.950854792331196186e-01 7.047498170758418334e-01 8.895755155496933985e-07 1.638141155225282303e-04
7.827827827827827711e+00 2.946500371904487436e-01 7.051849127166811559e-01 8.914464547251718058e-07 1.641586464149267632e-04
7.837837837837837718e+00 2.942153272450868662e-01 7.056192760518309459e-01 8.933185193781192489e-07 1.645033845624632881e-04
7.847847847847847724e+00 2.937813481660696557e-01 7.060529083126229066e-01 8.951917075227831325e-07 1.648483295994641678e-04
7.857857857857857731e+00 2.933480987244933003e-01 7.064858107283282784e-01 8.970660171767367359e-07 1.651934811608682580e-04
7.867867867867867737e+00 2.929155776935102873e-01 7.069179845261607253e-01 8.989414463608725431e-07 1.655388388822256335e-04
7.877877877877877744e+00 2.924837838483257957e-01 7.073494309312809980e-01 9.008179930993964191e-07 1.658844023996965036e-04
7.887887887887887750e+00 2.920527159661936434e-01 7.077801511668004864e-01 9.026956554198213632e-07 1.662301713500501012e-04
7.897897897897897757e+00 2.916223728264125681e-01 7.082101464537849944e-01 9.045744313529606268e-07 1.665761453706633547e-04
7.907907907907907763e+00 2.911927532103222305e-01 7.086394180112588481e-01 9.064543189329221019e-07 1.669223240995199931e-04
7.917917917917917769e+00 2.907638559012993285e-01 7.090679670562088921e-01 9.083353161971019681e-07 1.672687071752091640e-04
7.927927927927927776e+00 2.903356796847537669e-01 7.094957948035877093e-01 9.102174211861779169e-07 1.676152942369243492e-04
7.937937937937937782e+00 2.899082233481247717e-01 7.099229024663183951e-01 9.121006319441035392e-07 1.679620849244623350e-04
7.947947947947947789e+00 2.894814856808770598e-01 7.103492912552977767e-01 9.139849465181017617e-07 1.683090788782218837e-04
7.957957957957957795e+00 2.890554654744967311e-01 7.107749623794006322e-01 9.158703629586587055e-07 1.686562757392026494e-04
7.967967967967967802e+00 2.886301615224878270e-01 7.111999170454834651e-01 9.177568793195169096e-07 1.690036751490040672e-04
7.977977977977977808e+00 2.882055726203680002e-01 7.116241564583880574e-01 9.196444936576700376e-07 1.693512767498241058e-04
7.987987987987987815e+00 2.877816975656649068e-01 7.120476818209462433e-01 9.215332040333557830e-07 1.696990801844582648e-04
7.997997997997997821e+00 2.873585351579121538e-01 7.124704943339826846e-01 9.234230085100499408e-07 1.700470850962982467e-04
8.008008008008008716e+00 2.869360841986455801e-01 7.128925951963195340e-01 9.253139051544601598e-07 1.703952911293309266e-04
8.018018018018018722e+00 2.865143434913993148e-01 7.133139856047800986e-01 9.272058920365193787e-07 1.707436979281371056e-04
8.028028028028028729e+00 2.860933118417018917e-01 7.137346667541926148e-01 9.290989672293801085e-07 1.710923051378904810e-04
8.038038038038038735e+00 2.856729880570724189e-01 7.141546398373940230e-01 9.309931288094077620e-07 1.714411124043563718e-04
8.048048048048048742e+00 2.852533709470164158e-01 7.145739060452344082e-01 9.328883748561745128e-07 1.717901193738906080e-04
8.058058058058058748e+00 2.848344593230225374e-01 7.149924665665802204e-01 9.347847034524529426e-07 1.721393256934384457e-04
8.068068068068068754e+00 2.844162519985579674e-01 7.154103225883183814e-01 9.366821126842101121e-07 1.724887310105333211e-04
8.078078078078078761e+00 2.839987477890651979e-01 7.158274752953605047e-01 9.385806006406006786e-07 1.728383349732957115e-04
8.088088088088088767e+00 2.835819455119575894e-01 7.162439258706461143e-01 9.404801654139612847e-07 1.731881372304320242e-04
8.098098098098098774e+00 2.831658439866159838e-01 7.166596754951473081e-01 9.423808050998038876e-07 1.735381374312334037e-04
8.108108108108108780e+00 2.827504420343844305e-01 7.170747253478717553e-01 9.442825177968097242e-07 1.738883352255746206e-04
8.118118118118118787e+00 2.823357384785666335e-01 7.174890766058674707e-01 9.461853016068228525e-07 1.742387302639128790e-04
8.128128128128128793e+00 2.819217321444216773e-01 7.179027304442260338e-01 9.480891546348440105e-07 1.745893221972866509e-04
8.138138138138138800e+00 2.815084218591605847e-01 7.183156880360866969e-01 9.499940749890244752e-07 1.749401106773146189e-04
8.148148148148148806e+00 2.810958064519422095e-01 7.187279505526403822e-01 9.519000607806593923e-07 1.752910953561943484e-04
8.158158158158158813e+00 2.806838847538692949e-01 7.191395191631334560e-01 9.538071101241820587e-07 1.756422758867013658e-04
8.168168168168168819e+00 2.802726555979846990e-01 7.195503950348716149e-01 9.557152211371569345e-07 1.759936519221878034e-04
8.178178178178178825e+00 2.798621178192676195e-01 7.199605793332234382e-01 9.576243919402745606e-07 1.763452231165813151e-04
8.188188188188188832e+00 2.794522702546294313e-01 7.203700732216251623e-01 9.595346206573440417e-07 1.766969891243839921e-04
8.198198198198198838e+00 2.790431117429100771e-01 7.207788778615834557e-01 9.614459054152873284e-07 1.770489496006710621e-04
8.208208208208208845e+00 2.786346411248740718e-01 7.211869944126800824e-01 9.633582443441332882e-07 1.774011042010899405e-04
8.218218218218218851e+00 2.782268572432065046e-01 7.215944240325756764e-01 9.652716355770105058e-07 1.777534525818588208e-04
8.228228228228228858e+00 2.778197590566089947e-01 7.220011677628794811e-01 9.671860774343523847e-07 1.781059944336814405e-04
8.238238238238238864e+00 2.774133453436678498e-01 7.224072268253701745e-01 9.691015679458008358e-07 1.784587293937229017e-04
8.248248248248248871e+00 2.770076149221492035e-01 7.228126024026344520e-01 9.710181052042518610e-07 1.788116571107943456e-04
8.258258258258258877e+00 2.766025666431464192e-01 7.232172956439222311e-01 9.729356873564071126e-07 1.791647772436133230e-04
8.268268268268268884e+00 2.761981993596746565e-01 7.236213076965609670e-01 9.748543125520692303e-07 1.795180894514685963e-04
8.278278278278278890e+00 2.757945119266671519e-01 7.240246397059593164e-01 9.767739789441378185e-07 1.798715933942191371e-04
8.288288288288288896e+00 2.753915032009714436e-01 7.244272928156112457e-01 9.786946846886026691e-07 1.802252887322928522e-04
8.298298298298298903e+00 2.749891720413461527e-01 7.248292681670988058e-01 9.806164279445374094e-07 1.805791751266857430e-04
8.308308308308308909e+00 2.745875173084569854e-01 7.252305669000967958e-01 9.825392068740944197e-07 1.809332522389606591e-04
8.318318318318318916e+00 2.741865378648730700e-01 7.256311901523756491e-01 9.844630196424991157e-07 1.812875197312462951e-04
8.328328328328328922e+00 2.737862325750635706e-01 7.260311390598054304e-01 9.863878644180431727e-07 1.816419772662360523e-04
8.338338338338338929e+00 2.733866003053939675e-01 7.264304147563591663e-01 9.883137393720790192e-07 1.819966245071870088e-04
8.348348348348348935e+00 2.729876399241221718e-01 7.268290183741168420e-01 9.902406426790145434e-07 1.823514611179187809e-04
8.358358358358358942e+00 2.725893503013952501e-01 7.272269510432690653e-01 9.921685725163065287e-07 1.827064867628125204e-04
8.368368368368368948e+00 2.721917303092455387e-01 7.276242138921202862e-01 9.940975270644545125e-07 1.830617011068097488e-04
8.378378378378378954e+00 2.717947788215870353e-01 7.280208080470926824e-01 9.960275045069963395e-07 1.834171038154113007e-04
8.388388388388388961e+00 2.713984947142117909e-01 7.284167346327301562e-01 9.979585030305005380e-07 1.837726945546762662e-04
8.398398398398398967e+00 2.710028768647864128e-01 7.288119947717011105e-01 9.998905208245616619e-07 1.841284729912209340e-04
8.408408408408408974e+00 2.706079241528481782e-01 7.292065895848031110e-01 1.001823556081793514e-06 1.844844387922176259e-04
8.418418418418418980e+00 2.702136354598014822e-01 7.296005201909657734e-01 1.003757606997824486e-06 1.848405916253936397e-04
8.428428428428428987e+00 2.698200096689141736e-01 7.299937877072546488e-01 1.005692671771290363e-06 1.851969311590302735e-04
8.438438438438438993e+00 2.694270456653141133e-01 7.303863932488748878e-01 1.007628748603829024e-06 1.855534570619615244e-04
8.448448448448449000e+00 2.690347423359852885e-01 7.307783379291751258e-01 1.009565835700074940e-06 1.859101690035732757e-04
8.458458458458459006e+00 2.686430985697642049e-01 7.311696228596503699e-01 1.011503931267652608e-06 1.862670666538019683e-04
8.468468468468469013e+00 2.682521132573363887e-01 7.315602491499466620e-01 1.013443033517171045e-06 1.866241496831336525e-04
8.478478478478479019e+00 2.678617852912325570e-01 7.319502179078638537e-01 1.015383140662217861e-06 1.869814177626029578e-04
8.488488488488489025e+00 2.674721135658252313e-01 7.323395302393597150e-01 1.017324250919353327e-06 1.873388705637918459e-04
8.498498498498499032e+00 2.670830969773247410e-01 7.327281872485535974e-01 1.019266362508104869e-06 1.876965077588286081e-04
8.508508508508509038e+00 2.666947344237759476e-01 7.331161900377296536e-01 1.021209473650960296e-06 1.880543290203868622e-04
8.518518518518519045e+00 2.663070248050544153e-01 7.335035397073409458e-01 1.023153582573363137e-06 1.884123340216843330e-04
8.528528528528529051e+00 2.659199670228626911e-01 7.338902373560129977e-01 1.025098687503705443e-06 1.887705224364818763e-04
8.538538538538539058e+00 2.655335599807268632e-01 7.342762840805470148e-01 1.027044786673323338e-06 1.891288939390823405e-04
8.548548548548549064e+00 2.651478025839927866e-01 7.346616809759242139e-01 1.028991878316489613e-06 1.894874482043295096e-04
8.558558558558559071e+00 2.647626937398225300e-01 7.350464291353088209e-01 1.030939960670409272e-06 1.898461849076070191e-04
8.568568568568569077e+00 2.643782323571906012e-01 7.354305296500522893e-01 1.032889031975212549e-06 1.902051037248371902e-04
8.578578578578579084e+00 2.639944173468804500e-01 7.358139836096961872e-01 1.034839090473950035e-06 1.905642043324801355e-04
8.588588588588589090e+00 2.636112476214808042e-01 7.361967921019769712e-01 1.036790134412585478e-06 1.909234864075324851e-04
8.598598598598599096e+00 2.632287220953818396e-01 7.365789562128282064e-01 1.038742162039991341e-06 1.912829496275264378e-04
8.608608608608609103e+00 2.628468396847718491e-01 7.369604770263856741e-01 1.040695171607942017e-06 1.916425936705285686e-04
8.618618618618619109e+00 2.624655993076334126e-01 7.373413556249897027e-01 1.042649161371108331e-06 1.920024182151388258e-04
8.628628628628629116e+00 2.620849998837397332e-01 7.377215930891898310e-01 1.044604129587051609e-06 1.923624229404894738e-04
8.638638638638639122e+00 2.617050403730617480e-01 7.381011904593256512e-01 1.046560074578199168e-06 1.927226075376613896e-04
8.648648648648649129e+00 2.613257197797117515e-01 7.384801487315822976e-01 1.048516994738208294e-06 1.930829717108563566e-04
8.658658658658659135e+00 2.609470369252596123e-01 7.388584690847418424e-01 1.050474888166176541e-06 1.934435151100158780e-04
8.668668668668669142e+00 2.605689907373834324e-01 7.392361525914464826e-01 1.052433753132423877e-06 1.938042374166218200e-04
8.678678678678679148e+00 2.601915801455548238e-01 7.396132003225441842e-01 1.054393587910165855e-06 1.941651383126892321e-04
8.688688688688689155e+00 2.598148040810353554e-01 7.399896133470927895e-01 1.056354390775507469e-06 1.945262174807651275e-04
8.698698698698699161e+00 2.594386614768733890e-01 7.403653927323623485e-01 1.058316160007437224e-06 1.948874746039276976e-04
8.708708708708709167e+00 2.590631512679004156e-01 7.407405395438395601e-01 1.060278893887822477e-06 1.952489093657851726e-04
8.718718718718719174e+00 2.586882723907279469e-01 7.411150548452305475e-01 1.062242590701403512e-06 1.956105214504748465e-04
8.728728728728729180e+00 2.583140237837438513e-01 7.414889396984644110e-01 1.064207248735788029e-06 1.959723105426619929e-04
8.738738738738739187e+00 2.579404043871093011e-01 7.418621951636965584e-01 1.066172866281445852e-06 1.963342763275390511e-04
8.748748748748749193e+00 2.575674131427548863e-01 7.422348222993122580e-01 1.068139441631703214e-06 1.966964184908243801e-04
8.758758758758759200e+00 2.571950489943777285e-01 7.426068221619300802e-01 1.070106973082737672e-06 1.970587367187614180e-04
8.768768768768769206e+00 2.568233108874377058e-01 7.429781958064048952e-01 1.072075458933572176e-06 1.974212306981176519e-04
8.778778778778779213e+00 2.564521977691543442e-01 7.433489442858316476e-01 1.074044897486069781e-06 1.977839001161834796e-04
8.788788788788789219e+00 2.560817085885031541e-01 7.437190686515486870e-01 1.076015287044928559e-06 1.981467446607713425e-04
8.798798798798799226e+00 2.557118422962124660e-01 7.440885699531409880e-01 1.077986625917675038e-06 1.985097640202146949e-04
8.808808808808809232e+00 2.553425978447599332e-01 7.444574492384439246e-01 1.079958912414659964e-06 1.988729578833669479e-04
8.818818818818819238e+00 2.549739741883690347e-01 7.448257075535461569e-01 1.081932144849052164e-06 1.992363259396004384e-04
8.828828828828829245e+00 2.546059702830059668e-01 7.451933459427932949e-01 1.083906321536833247e-06 1.995998678788055082e-04
8.838838838838839251e+00 2.542385850863759789e-01 7.455603654487915621e-01 1.085881440796791680e-06 1.999635833913894739e-04
8.848848848848849258e+00 2.538718175579199321e-01 7.459267671124104604e-01 1.087857500950518336e-06 2.003274721682755423e-04
8.858858858858859264e+00 2.535056666588113572e-01 7.462925519727870993e-01 1.089834500322399722e-06 2.006915339009018623e-04
8.868868868868869271e+00 2.531401313519524576e-01 7.466577210673287501e-01 1.091812437239613531e-06 2.010557682812204945e-04
8.878878878878879277e+00 2.527752106019711120e-01 7.470222754317168423e-01 1.093791310032122709e-06 2.014201750016964899e-04
8.888888888888889284e+00 2.524109033752174325e-01 7.473862160999098503e-01 1.095771117032669955e-06 2.017847537553066697e-04
8.898898898898899290e+00 2.520472086397602118e-01 7.477495441041472901e-01 1.097751856576772423e-06 2.021495042355388942e-04
8.908908908908909297e+00 2.516841253653835930e-01 7.481122604749526062e-01 1.099733527002715797e-06 2.025144261363907882e-04
8.918918918918919303e+00 2.513216525235839049e-01 7.484743662411367238e-01 1.101716126651549837e-06 2.028795191523689553e-04
8.928928928928929309e+00 2.509597890875658321e-01 7.488358624298014909e-01 1.103699653867081610e-06 2.032447829784877851e-04
8.938938938938939316e+00 2.505985340322394173e-01 7.491967500663430091e-01 1.105684106995871039e-06 2.036102173102685860e-04
8.948948948948949322e+00 2.502378863342163973e-01 7.495570301744551855e-01 1.107669484387224552e-06 2.039758218437384739e-04
8.958958958958959329e+00 2.498778449718069838e-01 7.499167037761328425e-01 1.109655784393190634e-06 2.043415962754294233e-04
8.968968968968969335e+00 2.495184089250163939e-01 7.502757718916754914e-01 1.111643005368553262e-06 2.047075403023772375e-04
8.978978978978979342e+00 2.491595771755414357e-01 7.506342355396904420e-01 1.113631145670827037e-06 2.050736536221205999e-04
8.988988988988989348e+00 2.488013487067671781e-01 7.509920957370961325e-01 1.115620203660251888e-06 2.054399359326998813e-04
8.998998998998999355e+00 2.484437225037635089e-01 7.513493534991257938e-01 1.117610177699787142e-06 2.058063869326563810e-04
9.009009009009009361e+00 2.480866975532816932e-01 7.517060098393307799e-01 1.119601066155106022e-06 2.061730063210311071e-04
9.019019019019019368e+00 2.477302728437511259e-01 7.520620657695837874e-01 1.121592867394590561e-06 2.065397937973639092e-04
9.029029029029029374e+00 2.473744473652757792e-01 7.524175223000824086e-01 1.123585579789325885e-06 2.069067490616923941e-04
9.039039039039039380e+00 2.470192201096309270e-01 7.527723804393524620e-01 1.125579201713094709e-06 2.072738718145509498e-04
9.049049049049049387e+00 2.466645900702596206e-01 7.531266411942515449e-01 1.127573731542372044e-06 2.076411617569696891e-04
9.059059059059059393e+00 2.463105563510723794e-01 7.534803054611366457e-01 1.129569167832008507e-06 2.080086186228147357e-04
9.069069069069069400e+00 2.459571178905228805e-01 7.538333743018711397e-01 1.131565508869682739e-06 2.083762420967707975e-04
9.079079079079079406e+00 2.456042736519906677e-01 7.541858487533851241e-01 1.133562752983322055e-06 2.087440318709317486e-04
9.089089089089089413e+00 2.452520226363174571e-01 7.545377298151351164e-01 1.135560898561343994e-06 2.091119876485269787e-04
9.099099099099099419e+00 2.449003638460162668e-01 7.548890184849061935e-01 1.137559943994864319e-06 2.094801091332825231e-04
9.109109109109109426e+00 2.445492962852680863e-01 7.552397157588144339e-01 1.139559887677690873e-06 2.098483960294203585e-04
9.119119119119119432e+00 2.441988189599189896e-01 7.555898226313110255e-01 1.141560728006319349e-06 2.102168480416572642e-04
9.129129129129129439e+00 2.438489308774766939e-01 7.559393400951843756e-01 1.143562463379927144e-06 2.105854648752040364e-04
9.139139139139139445e+00 2.434996310471076175e-01 7.562882691415641068e-01 1.145565092200369764e-06 2.109542462357644850e-04
9.149149149149149451e+00 2.431509184796336598e-01 7.566366107599236113e-01 1.147568612872174466e-06 2.113231918295344579e-04
9.159159159159159458e+00 2.428027921875289541e-01 7.569843659380837142e-01 1.149573023802535604e-06 2.116923013632009197e-04
9.169169169169169464e+00 2.424552511849168146e-01 7.573315356622155603e-01 1.151578323401309332e-06 2.120615745439411381e-04
9.179179179179179471e+00 2.421082944875665999e-01 7.576781209168436115e-01 1.153584510081009158e-06 2.124310110794215458e-04
9.189189189189189477e+00 2.417619211128903822e-01 7.580241226848491998e-01 1.155591582256800016e-06 2.128006106777969003e-04
9.199199199199199484e+00 2.414161300799400611e-01 7.583695419474735244e-01 1.157599538346493393e-06 2.131703730477094161e-04
9.209209209209209490e+00 2.410709204094039493e-01 7.587143796843206500e-01 1.159608376770542885e-06 2.135402978982877081e-04
9.219219219219219497e+00 2.407262911236037473e-01 7.590586368733608369e-01 1.161618095952038265e-06 2.139103849391458428e-04
9.229229229229229503e+00 2.403822412464913794e-01 7.594023144909335388e-01 1.163628694316700615e-06 2.142806338803825519e-04
9.239239239239239510e+00 2.400387698036458295e-01 7.597454135117509555e-01 1.165640170292877664e-06 2.146510444325801757e-04
9.249249249249249516e+00 2.396958758222699215e-01 7.600879349089006976e-01 1.167652522311537653e-06 2.150216163068036600e-04
9.259259259259259522e+00 2.393535583311872383e-01 7.604298796538490057e-01 1.169665748806265939e-06 2.153923492145998241e-04
9.269269269269269529e+00 2.390118163608389579e-01 7.607712487164445259e-01 1.171679848213258225e-06 2.157632428679962227e-04
9.279279279279279535e+00 2.386706489432806610e-01 7.611120430649205293e-01 1.173694818971316110e-06 2.161342969795003054e-04
9.289289289289289542e+00 2.383300551121791955e-01 7.614522636658987986e-01 1.175710659521842433e-06 2.165055112620984409e-04
9.299299299299299548e+00 2.379900339028095391e-01 7.617919114843926254e-01 1.177727368308835339e-06 2.168768854292550772e-04
9.309309309309309555e+00 2.376505843520515249e-01 7.621309874838094744e-01 1.179744943778883838e-06 2.172484191949116295e-04
9.319319319319319561e+00 2.373117054983868990e-01 7.624694926259548700e-01 1.181763384381162294e-06 2.176201122734856407e-04
9.329329329329329568e+00 2.369733963818959621e-01 7.628074278710352818e-01 1.183782688567425981e-06 2.179919643798699136e-04
9.339339339339339574e+00 2.366356560442544887e-01 7.631447941776609012e-01 1.185802854792004943e-06 2.183639752294314269e-04
9.349349349349349581e+00 2.362984835287306462e-01 7.634815925028495265e-01 1.187823881511799542e-06 2.187361445380104946e-04
9.359359359359359587e+00 2.359618778801816641e-01 7.638178238020288946e-01 1.189845767186275807e-06 2.191084720219197909e-04
9.369369369369369593e+00 2.356258381450508366e-01 7.641534890290405668e-01 1.191868510277459075e-06 2.194809573979433737e-04
9.379379379379379600e+00 2.352903633713643028e-01 7.644885891361428154e-01 1.193892109249930391e-06 2.198536003833358990e-04
9.389389389389389606e+00 2.349554526087278550e-01 7.648231250740133991e-01 1.195916562570819950e-06 2.202264006958214821e-04
9.399399399399399613e+00 2.346211049083238298e-01 7.651570977917535599e-01 1.197941868709803279e-06 2.205993580535928851e-04
9.409409409409409619e+00 2.342873193229079998e-01 7.654905082368902436e-01 1.199968026139095307e-06 2.209724721753105402e-04
9.419419419419419626e+00 2.339540949068062703e-01 7.658233573553799856e-01 1.201995033333445715e-06 2.213457427801016292e-04
9.429429429429429632e+00 2.336214307159116266e-01 7.661556460916116862e-01 1.204022888770133207e-06 2.217191695875591066e-04
9.439439439439439639e+00 2.332893258076809972e-01 7.664873753884100527e-01 1.206051590928961283e-06 2.220927523177408333e-04
9.449449449449449645e+00 2.329577792411320347e-01 7.668185461870381525e-01 1.208081138292252732e-06 2.224664906911685185e-04
9.459459459459459651e+00 2.326267900768399510e-01 7.671491594272015213e-01 1.210111529344844545e-06 2.228403844288269345e-04
9.469469469469469658e+00 2.322963574066024273e-01 7.674792160173736777e-01 1.212142762621959049e-06 2.232144332609815700e-04
9.479479479479479664e+00 2.319664803737401804e-01 7.678087168144895891e-01 1.214174836741964802e-06 2.235886369332129196e-04
9.489489489489489671e+00 2.316371579479759024e-01 7.681376628491342062e-01 1.216207750043087349e-06 2.239629951395001768e-04
9.499499499499499677e+00 2.313083891967718519e-01 7.684660550541239088e-01 1.218241501021280142e-06 2.243375076028751147e-04
9.509509509509509684e+00 2.309801731891505117e-01 7.687938943607141029e-01 1.220276088175015075e-06 2.247121740468333820e-04
9.519519519519519690e+00 2.306525089956918684e-01 7.691211816986024408e-01 1.222311510005277614e-06 2.250869941953335821e-04
9.529529529529529697e+00 2.303253956885303599e-01 7.694479179959314852e-01 1.224347765015562980e-06 2.254619677727963509e-04
9.539539539539539703e+00 2.299988323413519609e-01 7.697741041792919292e-01 1.226384851711870016e-06 2.258370945041034898e-04
9.549549549549549710e+00 2.296728180293912402e-01 7.700997411737252607e-01 1.228422768602698214e-06 2.262123741145971524e-04
9.559559559559559716e+00 2.293473518294285030e-01 7.704248299027268709e-01 1.230461514199041368e-06 2.265878063300788960e-04
9.569569569569569722e+00 2.290224328197867087e-01 7.707493712882491632e-01 1.232501087014383338e-06 2.269633908768088680e-04
9.579579579579579729e+00 2.286980600803285857e-01 7.710733662507039954e-01 1.234541485564694025e-06 2.273391274815048579e-04
9.589589589589589735e+00 2.283742326924537436e-01 7.713968157089662325e-01 1.236582708368423441e-06 2.277150158713415649e-04
9.599599599599599742e+00 2.280509497390957319e-01 7.717197205803760784e-01 1.238624753946497901e-06 2.280910557739495410e-04
9.609609609609609748e+00 2.277282103047189865e-01 7.720420817807424063e-01 1.240667620822314726e-06 2.284672469174144592e-04
9.619619619619619755e+00 2.274060134753159990e-01 7.723639002243458673e-01 1.242711307521737797e-06 2.288435890302761649e-04
9.629629629629629761e+00 2.270843583384044018e-01 7.726851768239411111e-01 1.244755812573092896e-06 2.292200818415278082e-04
9.639639639639639768e+00 2.267632439830238877e-01 7.730059124907606716e-01 1.246801134507162200e-06 2.295967250806150311e-04
9.649649649649649774e+00 2.264426694997333789e-01 7.733261081345169652e-01 1.248847271857180683e-06 2.299735184774350460e-04
9.659659659659659781e+00 2.261226339806081398e-01 7.736457646634060659e-01 1.250894223158830608e-06 2.303504617623357406e-04
9.669669669669669787e+00 2.258031365192366413e-01 7.739648829841099253e-01 1.252941986950236870e-06 2.307275546661148114e-04
9.679679679679679793e+00 2.254841762107178404e-01 7.742834640018000369e-01 1.254990561771962548e-06 2.311047969200189769e-04
9.689689689689689800e+00 2.251657521516580995e-01 7.746015086201396560e-01 1.257039946167003823e-06 2.314821882557429483e-04
9.699699699699699806e+00 2.248478634401682996e-01 7.749190177412872416e-01 1.259090138680785531e-06 2.318597284054286969e-04
9.709709709709709813e+00 2.245305091758608984e-01 7.752359922658992319e-01 1.261141137861155869e-06 2.322374171016645332e-04
9.719719719719719819e+00 2.242136884598469326e-01 7.755524330931329313e-01 1.263192942258382585e-06 2.326152540774841849e-04
9.729729729729729826e+00 2.238974003947332148e-01 7.758683411206496183e-01 1.265245550425147258e-06 2.329932390663659841e-04
9.739739739739739832e+00 2.235816440846192243e-01 7.761837172446173216e-01 1.267298960916541065e-06 2.333713718022319996e-04
9.749749749749749839e+00 2.232664186350943325e-01 7.764985623597135955e-01 1.269353172290060543e-06 2.337496520194470883e-04
9.759759759759759845e+00 2.229517231532346933e-01 7.768128773591290726e-01 1.271408183105601028e-06 2.341280794528181094e-04
9.769769769769769852e+00 2.226375567476004680e-01 7.771266631345696840e-01 1.273463991925454534e-06 2.345066538375929484e-04
9.779779779779779858e+00 2.223239185282327723e-01 7.774399205762601017e-01 1.275520597314302558e-06 2.348853749094598122e-04
9.789789789789789864e+00 2.220108076066507619e-01 7.777526505729465134e-01 1.277577997839213109e-06 2.352642424045461454e-04
9.799799799799799871e+00 2.216982230958487732e-01 7.780648540118993983e-01 1.279636192069634571e-06 2.356432560594179252e-04
9.809809809809809877e+00 2.213861641102932154e-01 7.783765317789168581e-01 1.281695178577392106e-06 2.360224156110786583e-04
9.819819819819819884e+00 2.210746297659197945e-01 7.786876847583269479e-01 1.283754955936682351e-06 2.364017207969686498e-04
9.829829829829829890e+00 2.207636191801305159e-01 7.789983138329914514e-01 1.285815522724068980e-06 2.367811713549640266e-04
9.839839839839839897e+00 2.204531314717906865e-01 7.793084198843081012e-01 1.287876877518476982e-06 2.371607670233758436e-04
9.849849849849849903e+00 2.201431657612261117e-01 7.796180037922136874e-01 1.289939018901189488e-06 2.375405075409492699e-04
9.859859859859859910e+00 2.198337211702200145e-01 7.799270664351873883e-01 1.292001945455841623e-06 2.379203926468627492e-04
9.869869869869869916e+00 2.195247968220101209e-01 7.802356086902529908e-01 1.294065655768416916e-06 2.383004220807270236e-04
9.879879879879879923e+00 2.192163918412858570e-01 7.805436314329827763e-01 1.296130148427241573e-06 2.386805955825843206e-04
9.889889889889889929e+00 2.189085054401065378e-01 7.808511354515524916e-01 1.298195422161686342e-06 2.390609129184473585e-04
9.899899899899899935e+00 2.186011367055736287e-01 7.811581216591333421e-01 1.300261475499397048e-06 2.394413738171854175e-04
9.909909909909909942e+00 2.182942847340273718e-01 7.814645909596548146e-01 1.302328306982934287e-06 2.398219780104140890e-04
9.919919919919919948e+00 2.179879486565632629e-01 7.817705442222810941e-01 1.304395915210965055e-06 2.402027252400797304e-04
9.929929929929929955e+00 2.176821276057304133e-01 7.820759823147218626e-01 1.306464298784502633e-06 2.405836152485609164e-04
9.939939939939939961e+00 2.173768207155290233e-01 7.823809061032356293e-01 1.308533456306902346e-06 2.409646477786673820e-04
9.949949949949949968e+00 2.170720271214074959e-01 7.826853164526321738e-01 1.310603386383857329e-06 2.413458225736394799e-04
9.959959959959959974e+00 2.167677459602597723e-01 7.829892142262750987e-01 1.312674087623393872e-06 2.417271393771471780e-04
9.969969969969969981e+00 2.164639763704225284e-01 7.832926002860851611e-01 1.314745558635867604e-06 2.421085979332892463e-04
9.979979979979979987e+00 2.161607174916725660e-01 7.835954754925424925e-01 1.316817798033957989e-06 2.424901979865925789e-04
9.989989989989989994e+00 2.158579684652238151e-01 7.838978407046893748e-01 1.318890804432664514e-06 2.428719392820112457e-04
1.000000000000000000e+01 2.155557284337248913e-01 7.841996967801333485e-01 1.320964576449302665e-06 2.432538215649257063e-04
