# t(s)   slab-O_fcc    slab-OH_fcc    slab-H2O    H2O  
0.000000000000000000e+00 1.000000000000000000e+00 0.000000000000000000e+00 0.000000000000000000e+00 0.000000000000000000e+00
1.001001001001000992e-03 6.689134058602440591e-01 1.331288735981317195e-01 1.100111694192392146e-05 1.979467194246821160e-01
2.002002002002001985e-03 5.407561769630305770e-01 1.076417669898846602e-01 1.953958937146085936e-05 3.515825164577132123e-01
3.003003003003002977e-03 4.416386030955966047e-01 8.792988499697346194e-02 2.614329545240759233e-05 4.704053686119775146e-01
4.004004004004003969e-03 3.649804748057247084e-01 7.268459680440214621e-02 3.125064148787339398e-05 5.623036777483851889e-01
5.005005005005004962e-03 3.056926134867661848e-01 6.089379846001032048e-02 3.520069388562274253e-05 6.333783873593378244e-01
6.006006006006005954e-03 2.598390143173718858e-01 5.177472198897056094e-02 3.825568887642131187e-05 6.883480080047811311e-01
7.007007007007006946e-03 2.243755574808565800e-01 4.472197191759082202e-02 4.061844087308340490e-05 7.308618521606795593e-01
8.008008008008007939e-03 1.969478988055272106e-01 3.926733103185195417e-02 4.244580800179976337e-05 7.637423243546191953e-01
9.009009009009008931e-03 1.757351795921206217e-01 3.504867835996488407e-02 4.385910493183741755e-05 7.891722829429829167e-01
1.001001001001000992e-02 1.593291347231264032e-01 3.178594698270048591e-02 4.495215729245257411e-05 8.088399661368809168e-01
1.101101101101101092e-02 1.466405962780838457e-01 2.926252971223537030e-02 4.579753089546404680e-05 8.240510764787855047e-01
1.201201201201201191e-02 1.368271981718741925e-01 2.731090569668975093e-02 4.645134805797546644e-05 8.358154447833783252e-01
1.301301301301301290e-02 1.292374610122685730e-01 2.580150055323798472e-02 4.695701462146269591e-05 8.449140814198723426e-01
1.401401401401401389e-02 1.233675027073721370e-01 2.463412500514126913e-02 4.734810000790496028e-05 8.519510241874789225e-01
1.501501501501501488e-02 1.188276462287028712e-01 2.373126538244813705e-02 4.765056802362389112e-05 8.573934378208256657e-01
1.601601601601601588e-02 1.153164942258216308e-01 2.303298883901037930e-02 4.788449845595509779e-05 8.616026324367123124e-01
1.701701701701701513e-02 1.126009467132311481e-01 2.249293773418498121e-02 4.806542174685176499e-05 8.648580501308373858e-01
1.801801801801801786e-02 1.105007304042824878e-01 2.207525982366488268e-02 4.820534861303071931e-05 8.673758044234400888e-01
1.901901901901902059e-02 1.088764076423007487e-01 2.175222517157031354e-02 4.831356905302193781e-05 8.693230536170764022e-01
2.002002002002001985e-02 1.076201462649178098e-01 2.150238543583378112e-02 4.839726756874051773e-05 8.708290710316800576e-01
2.102102102102101910e-02 1.066485458467420072e-01 2.130915669539096627e-02 4.846200058752158599e-05 8.719938354572799311e-01
2.202202202202202183e-02 1.058970935010620368e-01 2.115972195234749539e-02 4.851206556091767602e-05 8.728946724810299207e-01
2.302302302302302456e-02 1.053159239415070031e-01 2.104413880140514406e-02 4.855078618012616183e-05 8.735913864709080601e-01
2.402402402402402382e-02 1.048664447458214910e-01 2.095474451212882630e-02 4.858073298147769085e-05 8.741302300090686428e-01
2.502502502502502307e-02 1.045188083745888091e-01 2.088561225200911281e-02 4.860389405316133365e-05 8.745469754793494532e-01
2.602602602602602580e-02 1.042499457281905462e-01 2.083214303497735870e-02 4.862180699293897925e-05 8.748692894298396583e-01
2.702702702702702853e-02 1.040420072726212786e-01 2.079078938978565563e-02 4.863566089599529016e-05 8.751185676766976007e-01
2.802802802802802778e-02 1.038811889165411756e-01 2.075880694981555030e-02 4.864637540932930933e-05 8.753113577582344318e-01
2.902902902902902704e-02 1.037568113025381655e-01 2.073407150773573862e-02 4.865466206509217427e-05 8.754604625276615204e-01
3.003003003003002977e-02 1.036606145193077894e-01 2.071494049571945620e-02 4.866107117348418033e-05 8.755757839137997545e-01
3.103103103103103250e-02 1.035862161129066927e-01 2.070014460674108117e-02 4.866602796560713640e-05 8.756649732523871243e-01
3.203203203203203175e-02 1.035286777503785088e-01 2.068870173746671648e-02 4.866986145770410538e-05 8.757339506506975901e-01
3.303303303303303101e-02 1.034841768147585911e-01 2.067985167287279477e-02 4.867282633137102245e-05 8.757872986860377740e-01
3.403403403403403027e-02 1.034497583121979508e-01 2.067300672624928365e-02 4.867511946389726797e-05 8.758285598420895157e-01
3.503503503503503647e-02 1.034231376492725507e-01 2.066771260296244861e-02 4.867689306343305291e-05 8.758604728547021434e-01
3.603603603603603572e-02 1.034025497607798383e-01 2.066361811973228477e-02 4.867826473619852955e-05 8.758851538547521853e-01
3.703703703703703498e-02 1.033866276188490502e-01 2.066045174830844974e-02 4.867932554162479115e-05 8.759042413073014899e-01
3.803803803803804118e-02 1.033743129544773542e-01 2.065800260693545498e-02 4.868014601019598038e-05 8.759190042925776298e-01
3.903903903903904044e-02 1.033647873658757044e-01 2.065610825333488720e-02 4.868078065032940832e-05 8.759304236001396182e-01
4.004004004004003969e-02 1.033574194578889549e-01 2.065464296164408811e-02 4.868127153749212749e-05 8.759392563089298811e-01
4.104104104104103895e-02 1.033517209165261824e-01 2.065350967100565080e-02 4.868165120270394699e-05 8.759460877612660346e-01
4.204204204204203821e-02 1.033473146952207378e-01 2.065263339013094501e-02 4.868194476705226702e-05 8.759513699698818767e-01
4.304304304304304440e-02 1.033439075084767039e-01 2.065195579140858065e-02 4.868217177072259728e-05 8.759554545283445570e-01
4.404404404404404366e-02 1.033412728357270272e-01 2.065143181511385276e-02 4.868234730623907170e-05 8.759586130018535144e-01
4.504504504504504292e-02 1.033392347034143427e-01 2.065102651316034002e-02 4.868248309514415522e-05 8.759610563003308314e-01
4.604604604604604912e-02 1.033376577478541669e-01 2.065071283648265213e-02 4.868258816319781854e-05 8.759629468275006436e-01
4.704704704704704837e-02 1.033364371605029752e-01 2.065047015763654681e-02 4.868266948124959131e-05 8.759644100123797905e-01
4.804804804804804763e-02 1.033354926675344870e-01 2.065028242882499185e-02 4.868273240217886816e-05 8.759655421712388979e-01
4.904904904904904689e-02 1.033347633187512993e-01 2.065013627737684668e-02 4.868278105633516066e-05 8.759664176228160182e-01
5.005005005005004615e-02 1.033341982823932359e-01 2.065002461429595731e-02 4.868281866253053330e-05 8.759670942846488062e-01
5.105105105105105234e-02 1.033337614066924676e-01 2.064993868547734465e-02 4.868284771632646246e-05 8.759676170601143896e-01
5.205205205205205160e-02 1.033334242629216082e-01 2.064987076448543749e-02 4.868287022698428997e-05 8.759680221023664615e-01
5.305305305305305086e-02 1.033331628012236353e-01 2.064981872984497299e-02 4.868288764890783328e-05 8.759683355812829531e-01
5.405405405405405705e-02 1.033329597251842064e-01 2.064977868166407993e-02 4.868290116004145144e-05 8.759685786919921835e-01
5.505505505505505631e-02 1.033328026575820735e-01 2.064974732528337617e-02 4.868291163132305556e-05 8.759687671055036429e-01
5.605605605605605557e-02 1.033326810662660022e-01 2.064972313792773351e-02 4.868291973267721746e-05 8.759689128760740351e-01
5.705705705705705483e-02 1.033325870677604258e-01 2.064970444601293281e-02 4.868292599521877566e-05 8.759690255602318176e-01
5.805805805805805409e-02 1.033325144887026203e-01 2.064969001430138132e-02 4.868293083066584797e-05 8.759691125661656086e-01
5.905905905905906028e-02 1.033324592349142840e-01 2.064967901253809621e-02 4.868293451268378857e-05 8.759691788180352656e-01
6.006006006006005954e-02 1.033324161966681920e-01 2.064967046620150987e-02 4.868293737939238163e-05 8.759692303997511642e-01
6.106106106106105880e-02 1.033323836035985877e-01 2.064966399034679281e-02 4.868293955056863175e-05 8.759692694665043300e-01
6.206206206206206499e-02 1.033323582322463047e-01 2.064965894464900267e-02 4.868294124093451694e-05 8.759692998818641163e-01
6.306306306306305731e-02 1.033323381140258401e-01 2.064965494099001153e-02 4.868294258145907110e-05 8.759693240024030159e-01
6.406406406406406351e-02 1.033323225309845661e-01 2.064965184157475583e-02 4.868294361969871509e-05 8.759693426838213171e-01
6.506506506506506970e-02 1.033323098758416880e-01 2.064964932548416995e-02 4.868294446280924928e-05 8.759693578542117054e-01
6.606606606606606202e-02 1.033322999302579009e-01 2.064964734758246295e-02 4.868294512543277656e-05 8.759693697770345455e-01
6.706706706706706822e-02 1.033322920545806933e-01 2.064964578131043074e-02 4.868294565014996168e-05 8.759693792184589656e-01
6.806806806806806054e-02 1.033322859041243824e-01 2.064964455818490280e-02 4.868294605992182141e-05 8.759693865916310385e-01
6.906906906906906674e-02 1.033322811672108821e-01 2.064964361612754012e-02 4.868294637551911472e-05 8.759693922702863622e-01
7.007007007007007293e-02 1.033322776095632056e-01 2.064964290856810547e-02 4.868294661254935878e-05 8.759693965352565170e-01
7.107107107107106525e-02 1.033322749522675582e-01 2.064964238009705036e-02 4.868294678959188249e-05 8.759693997208460869e-01
7.207207207207207145e-02 1.033322730957646346e-01 2.064964201088188844e-02 4.868294691328164400e-05 8.759694019464405734e-01
7.307307307307307764e-02 1.033322723732468529e-01 2.064964186714336389e-02 4.868294696142209070e-05 8.759694028126487897e-01
7.407407407407406996e-02 1.033322720556093255e-01 2.064964180394188165e-02 4.868294698258645572e-05 8.759694031934666114e-01
7.507507507507507616e-02 1.033322715593520957e-01 2.064964170528060805e-02 4.868294701564784572e-05 8.759694037883519746e-01
7.607607607607608236e-02 1.033322710275396961e-01 2.064964159958223786e-02 4.868294705107620491e-05 8.759694044258274914e-01
7.707707707707707467e-02 1.033322712881029060e-01 2.064964165139870564e-02 4.868294703371633920e-05 8.759694041134651332e-01
7.807807807807808087e-02 1.033322713861015707e-01 2.064964167088647121e-02 4.868294702718726694e-05 8.759694039959852185e-01
7.907907907907907319e-02 1.033322709508269627e-01 2.064964158432408547e-02 4.868294705618730336e-05 8.759694045177932598e-01
8.008008008008007939e-02 1.033322702182303265e-01 2.064964143863341414e-02 4.868294710499633689e-05 8.759694053960317417e-01
8.108108108108108558e-02 1.033322697092076831e-01 2.064964133740202282e-02 4.868294713890997078e-05 8.759694060062518384e-01
8.208208208208207790e-02 1.033322690530807109e-01 2.064964120691549845e-02 4.868294718262441962e-05 8.759694067928216477e-01
8.308308308308308410e-02 1.033322683004866821e-01 2.064964105724446247e-02 4.868294723276597150e-05 8.759694076950365060e-01
8.408408408408407642e-02 1.033322674815227160e-01 2.064964089437421740e-02 4.868294728732941483e-05 8.759694086768162746e-01
8.508508508508508261e-02 1.033322666503187076e-01 2.064964072906953427e-02 4.868294734270836794e-05 8.759694096732695279e-01
8.608608608608608881e-02 1.033322659396019860e-01 2.064964058772663161e-02 4.868294739005985428e-05 8.759694105252817664e-01
8.708708708708708113e-02 1.033322654862090240e-01 2.064964049755872721e-02 4.868294742026714982e-05 8.759694110688124313e-01
8.808808808808808732e-02 1.033322651773138090e-01 2.064964043612764130e-02 4.868294744084728572e-05 8.759694114391181063e-01
8.908908908908909352e-02 1.033322649384764563e-01 2.064964038862920556e-02 4.868294745675981607e-05 8.759694117254379631e-01
9.009009009009008584e-02 1.033322648445927222e-01 2.064964036995821026e-02 4.868294746301482235e-05 8.759694118379864891e-01
9.109109109109109204e-02 1.033322648493751883e-01 2.064964037090927240e-02 4.868294746269618889e-05 8.759694118322531864e-01
9.209209209209209823e-02 1.033322649859631931e-01 2.064964039807300547e-02 4.868294745359601927e-05 8.759694116685106113e-01
9.309309309309309055e-02 1.033322652137891456e-01 2.064964044338160262e-02 4.868294743841711431e-05 8.759694113953911954e-01
9.409409409409409675e-02 1.033322654185565848e-01 2.064964048410446520e-02 4.868294742477448996e-05 8.759694111499145563e-01
9.509509509509508907e-02 1.033322654823956438e-01 2.064964049680038244e-02 4.868294742052121227e-05 8.759694110733837746e-01
9.609609609609609526e-02 1.033322658444038172e-01 2.064964056879428633e-02 4.868294739640243021e-05 8.759694106394059210e-01
9.709709709709710146e-02 1.033322663632730148e-01 2.064964067198372250e-02 4.868294736183277947e-05 8.759694100173818221e-01
9.809809809809809378e-02 1.033322668521916010e-01 2.064964076921676703e-02 4.868294732925858927e-05 8.759694094312627799e-01
9.909909909909909997e-02 1.033322672318520014e-01 2.064964084472124123e-02 4.868294730396372568e-05 8.759694089761231872e-01
1.001001001001000923e-01 1.033322674049151207e-01 2.064964087913895296e-02 4.868294729243340498e-05 8.759694087686539232e-01
1.011011011011010985e-01 1.033322672546116983e-01 2.064964084924758581e-02 4.868294730244736730e-05 8.759694089488386792e-01
1.021021021021021047e-01 1.033322671320952707e-01 2.064964082488230865e-02 4.868294731061002730e-05 8.759694090957120816e-01
1.031031031031030970e-01 1.033322671390857761e-01 2.064964082627252992e-02 4.868294731014428793e-05 8.759694090873317851e-01
1.041041041041041032e-01 1.033322670588650849e-01 2.064964081031874302e-02 4.868294731548898451e-05 8.759694091835009688e-01
1.051051051051051094e-01 1.033322668954918394e-01 2.064964077782809396e-02 4.868294732637372380e-05 8.759694093793539693e-01
1.061061061061061017e-01 1.033322666600874351e-01 2.064964073101234129e-02 4.868294734205753493e-05 8.759694096615584513e-01
1.071071071071071079e-01 1.033322663716805395e-01 2.064964067365578776e-02 4.868294736127262641e-05 8.759694100073026624e-01
1.081081081081081141e-01 1.033322660266209891e-01 2.064964060503250709e-02 4.868294738426220513e-05 8.759694104209626575e-01
1.091091091091091064e-01 1.033322656220532071e-01 2.064964052457460286e-02 4.868294741121652146e-05 8.759694109059613654e-01
1.101101101101101126e-01 1.033322652156053872e-01 2.064964044374280674e-02 4.868294743829609025e-05 8.759694113932139370e-01
1.111111111111111049e-01 1.033322648476930339e-01 2.064964037057470322e-02 4.868294746280824118e-05 8.759694118342697955e-01
1.121121121121121111e-01 1.033322645678774465e-01 2.064964031492673088e-02 4.868294748145095524e-05 8.759694121697148006e-01
1.131131131131131173e-01 1.033322644355082476e-01 2.064964028860197254e-02 4.868294749027005222e-05 8.759694123283998657e-01
1.141141141141141097e-01 1.033322644087178166e-01 2.064964028327405735e-02 4.868294749205497426e-05 8.759694123605165084e-01
1.151151151151151159e-01 1.033322642599901059e-01 2.064964025369602288e-02 4.868294750196395870e-05 8.759694125388123309e-01
1.161161161161161082e-01 1.033322641705691075e-01 2.064964023591253292e-02 4.868294750792163608e-05 8.759694126460109143e-01
1.171171171171171144e-01 1.033322641433020578e-01 2.064964023048983244e-02 4.868294750973830491e-05 8.759694126786987667e-01
1.181181181181181206e-01 1.033322641775170914e-01 2.064964023729430262e-02 4.868294750745872919e-05 8.759694126376815770e-01
1.191191191191191129e-01 1.033322642685356868e-01 2.064964025539551412e-02 4.868294750139461703e-05 8.759694125285678590e-01
1.201201201201201191e-01 1.033322644084405106e-01 2.064964028321891049e-02 4.868294749207344635e-05 8.759694123608489091e-01
1.211211211211211253e-01 1.033322645920836669e-01 2.064964031974071343e-02 4.868294747983822483e-05 8.759694121406962353e-01
1.221221221221221176e-01 1.033322647970524172e-01 2.064964036050361690e-02 4.868294746618219025e-05 8.759694118949782338e-01
1.231231231231231238e-01 1.033322650001155807e-01 2.064964040088754921e-02 4.868294745265310897e-05 8.759694116515446272e-01
1.241241241241241300e-01 1.033322651719832536e-01 2.064964043506751362e-02 4.868294744120242970e-05 8.759694114455084391e-01
1.251251251251251362e-01 1.033322652768459970e-01 2.064964045592196026e-02 4.868294743421595287e-05 8.759694113197983301e-01
1.261261261261261146e-01 1.033322652900251354e-01 2.064964045854294356e-02 4.868294743333789819e-05 8.759694113039989682e-01
1.271271271271271208e-01 1.033322653932911422e-01 2.064964047907983866e-02 4.868294742645780192e-05 8.759694111802029948e-01
1.281281281281281270e-01 1.033322654727734380e-01 2.064964049488678122e-02 4.868294742116229424e-05 8.759694110849189919e-01
1.291291291291291332e-01 1.033322655198670864e-01 2.064964050425247347e-02 4.868294741802468091e-05 8.759694110284628188e-01
1.301301301301301394e-01 1.033322655282270103e-01 2.064964050591504285e-02 4.868294741746769915e-05 8.759694110184409466e-01
1.311311311311311179e-01 1.033322654937679497e-01 2.064964049906204552e-02 4.868294741976352436e-05 8.759694110597506800e-01
1.321321321321321240e-01 1.033322654146645175e-01 2.064964048333045241e-02 4.868294742503378368e-05 8.759694111545803796e-01
1.331331331331331302e-01 1.033322653182581069e-01 2.064964046415775079e-02 4.868294743145685485e-05 8.759694112701531532e-01
1.341341341341341364e-01 1.033322651960783267e-01 2.064964043985939926e-02 4.868294743959707864e-05 8.759694114166232115e-01
1.351351351351351426e-01 1.033322650508666785e-01 2.064964041098061448e-02 4.868294744927180765e-05 8.759694115907039613e-01
1.361361361361361211e-01 1.033322648918063302e-01 2.064964037934768556e-02 4.868294745986919949e-05 8.759694117813866532e-01
1.371371371371371273e-01 1.033322647304556335e-01 2.064964034725926684e-02 4.868294747061919277e-05 8.759694119748149266e-01
1.381381381381381335e-01 1.033322645807481510e-01 2.064964031748638129e-02 4.868294748059345296e-05 8.759694121542853651e-01
1.391391391391391397e-01 1.033322644589926981e-01 2.064964029327241712e-02 4.868294748870541296e-05 8.759694123002467192e-01
1.401401401401401459e-01 1.033322643838732596e-01 2.064964027833313120e-02 4.868294749371024604e-05 8.759694123903003504e-01
1.411411411411411521e-01 1.033322643764490317e-01 2.064964027685664907e-02 4.868294749420488618e-05 8.759694123992005643e-01
1.421421421421421305e-01 1.033322644498877729e-01 2.064964029146168153e-02 4.868294748931203085e-05 8.759694123111616548e-01
1.431431431431431367e-01 1.033322642624794480e-01 2.064964025419108520e-02 4.868294750179811642e-05 8.759694125358281624e-01
1.441441441441441429e-01 1.033322640789699071e-01 2.064964021769585822e-02 4.868294751402443393e-05 8.759694127558206311e-01
1.451451451451451491e-01 1.033322639078702310e-01 2.064964018366862233e-02 4.868294752542395241e-05 8.759694129609362223e-01
1.461461461461461553e-01 1.033322637587101162e-01 2.064964015400459069e-02 4.868294753536174275e-05 8.759694131397504080e-01
1.471471471471471337e-01 1.033322636420379442e-01 2.064964013080156091e-02 4.868294754313502509e-05 8.759694132796178589e-01
1.481481481481481399e-01 1.033322635694207681e-01 2.064964011635991165e-02 4.868294754797314176e-05 8.759694133666717786e-01
1.491491491491491461e-01 1.033322635534443396e-01 2.064964011318261988e-02 4.868294754903757079e-05 8.759694133858244580e-01
1.501501501501501523e-01 1.033322636077130263e-01 2.064964012397524015e-02 4.868294754542191918e-05 8.759694133207667210e-01
1.511511511511511585e-01 1.033322637468499089e-01 2.064964015164591840e-02 4.868294753615192284e-05 8.759694131539684792e-01
1.521521521521521647e-01 1.033322639256016584e-01 2.064964018719495434e-02 4.868294752424257862e-05 8.759694129396796702e-01
1.531531531531531432e-01 1.033322639357637379e-01 2.064964018921592454e-02 4.868294752356552824e-05 8.759694129274973040e-01
1.541541541541541493e-01 1.033322639587812702e-01 2.064964019379350937e-02 4.868294752203198525e-05 8.759694128999037099e-01
1.551551551551551555e-01 1.033322639946168270e-01 2.064964020092026342e-02 4.868294751964443655e-05 8.759694128569437410e-01
1.561561561561561617e-01 1.033322640431120210e-01 2.064964021056468410e-02 4.868294751641344631e-05 8.759694127988073564e-01
1.571571571571571679e-01 1.033322641039874229e-01 2.064964022267120475e-02 4.868294751235762216e-05 8.759694127258295104e-01
1.581581581581581464e-01 1.033322641768426586e-01 2.064964023716019462e-02 4.868294750750364226e-05 8.759694126384901525e-01
1.591591591591591526e-01 1.033322642611562980e-01 2.064964025392796582e-02 4.868294750188624850e-05 8.759694125374143381e-01
1.601601601601601588e-01 1.033322643562859799e-01 2.064964027284675943e-02 4.868294749554823300e-05 8.759694124233722290e-01
1.611611611611611650e-01 1.033322644614683011e-01 2.064964029376475940e-02 4.868294748854046515e-05 8.759694122972788710e-01
1.621621621621621712e-01 1.033322645673483975e-01 2.064964031482152684e-02 4.868294748148621214e-05 8.759694121703490710e-01
1.631631631631631496e-01 1.033322646631690961e-01 2.064964033387774872e-02 4.868294747510215869e-05 8.759694120554785135e-01
1.641641641641641558e-01 1.033322647569294706e-01 2.064964035252422198e-02 4.868294746885537880e-05 8.759694119430778692e-01
1.651651651651651620e-01 1.033322648460075072e-01 2.064964037023950608e-02 4.868294746292055097e-05 8.759694118362905124e-01
1.661661661661661682e-01 1.033322649275775218e-01 2.064964038646163388e-02 4.868294745748595370e-05 8.759694117385038448e-01
1.671671671671671744e-01 1.033322649986101183e-01 2.064964040058815328e-02 4.868294745275341122e-05 8.759694116533494057e-01
1.681681681681681528e-01 1.033322650558722716e-01 2.064964041197609249e-02 4.868294744893832062e-05 8.759694115847032059e-01
1.691691691691691590e-01 1.033322650959272171e-01 2.064964041994196697e-02 4.868294744626965861e-05 8.759694115366849498e-01
1.701701701701701652e-01 1.033322651151345611e-01 2.064964042376180378e-02 4.868294744498997479e-05 8.759694115136591464e-01
1.711711711711711714e-01 1.033322651096501704e-01 2.064964042267110333e-02 4.868294744535537125e-05 8.759694115202337761e-01
1.721721721721721776e-01 1.033322650969309142e-01 2.064964042014157466e-02 4.868294744620279044e-05 8.759694115354816901e-01
1.731731731731731838e-01 1.033322651301400580e-01 2.064964042674600000e-02 4.868294744399023874e-05 8.759694114956704247e-01
1.741741741741741623e-01 1.033322651542936399e-01 2.064964043154951523e-02 4.868294744238100489e-05 8.759694114667149201e-01
1.751751751751751685e-01 1.033322651698226624e-01 2.064964043463782956e-02 4.868294744134638464e-05 8.759694114480985894e-01
1.761761761761761746e-01 1.033322651771581280e-01 2.064964043609665914e-02 4.868294744085766018e-05 8.759694114393048459e-01
1.771771771771771808e-01 1.033322651767310113e-01 2.064964043601171667e-02 4.868294744088612049e-05 8.759694114398167697e-01
1.781781781781781870e-01 1.033322651689723148e-01 2.064964043446871830e-02 4.868294744140304098e-05 8.759694114491179961e-01
1.791791791791791655e-01 1.033322651543130410e-01 2.064964043155337325e-02 4.868294744237971740e-05 8.759694114666916054e-01
1.801801801801801717e-01 1.033322651331841785e-01 2.064964042735139768e-02 4.868294744378743195e-05 8.759694114920211216e-01
1.811811811811811779e-01 1.033322651060167296e-01 2.064964042194850427e-02 4.868294744559746682e-05 8.759694115245896251e-01
1.821821821821821841e-01 1.033322650851624530e-01 2.064964041780113432e-02 4.868294744698687868e-05 8.759694115495898492e-01
1.831831831831831903e-01 1.033322650643077045e-01 2.064964041365367417e-02 4.868294744837632442e-05 8.759694115745906284e-01
1.841841841841841965e-01 1.033322650406697657e-01 2.064964040895270539e-02 4.868294744995120939e-05 8.759694116029280719e-01
1.851851851851851749e-01 1.033322650147553562e-01 2.064964040379900848e-02 4.868294745167775392e-05 8.759694116339944436e-01
1.861861861861861811e-01 1.033322649870712512e-01 2.064964039829336392e-02 4.868294745352220543e-05 8.759694116671823405e-01
1.871871871871871873e-01 1.033322649581241703e-01 2.064964039253655223e-02 4.868294745545080458e-05 8.759694117018842485e-01
1.881881881881881935e-01 1.033322649284209027e-01 2.064964038662935042e-02 4.868294745742978525e-05 8.759694117374927647e-01
1.891891891891891997e-01 1.033322648984681680e-01 2.064964038067253552e-02 4.868294745942538810e-05 8.759694117734002639e-01
1.901901901901901781e-01 1.033322648687727136e-01 2.064964037476689149e-02 4.868294746140384700e-05 8.759694118089994541e-01
1.911911911911911843e-01 1.033322648398413146e-01 2.064964036901319189e-02 4.868294746333140261e-05 8.759694118436825994e-01
1.921921921921921905e-01 1.033322648121806908e-01 2.064964036351222068e-02 4.868294746517428881e-05 8.759694118768422966e-01
1.931931931931931967e-01 1.033322647862976035e-01 2.064964035836475489e-02 4.868294746689875302e-05 8.759694119078711427e-01
1.941941941941942029e-01 1.033322647626988000e-01 2.064964035367157155e-02 4.868294746847102235e-05 8.759694119361616238e-01
1.951951951951951814e-01 1.033322647418910417e-01 2.064964034953345462e-02 4.868294746985733746e-05 8.759694119611061147e-01
1.961961961961961876e-01 1.033322647243810483e-01 2.064964034605117765e-02 4.868294747102393900e-05 8.759694119820972125e-01
1.971971971971971938e-01 1.033322647106755948e-01 2.064964034332552462e-02 4.868294747193706084e-05 8.759694119985274030e-01
1.981981981981981999e-01 1.033322647012814288e-01 2.064964034145726907e-02 4.868294747256295043e-05 8.759694120097891723e-01
1.991991991991992061e-01 1.033322646967052838e-01 2.064964034054719497e-02 4.868294747286783486e-05 8.759694120152751173e-01
2.002002002002001846e-01 1.033322646974539211e-01 2.064964034069607934e-02 4.868294747281795478e-05 8.759694120143776130e-01
2.012012012012011908e-01 1.033322647040340742e-01 2.064964034200470269e-02 4.868294747237954408e-05 8.759694120064892564e-01
2.022022022022021970e-01 1.033322647169525182e-01 2.064964034457384204e-02 4.868294747151885696e-05 8.759694119910025334e-01
2.032032032032032032e-01 1.033322647367159730e-01 2.064964034850427441e-02 4.868294747020211375e-05 8.759694119673099300e-01
2.042042042042042094e-01 1.033322647638311997e-01 2.064964035389678376e-02 4.868294746839555510e-05 8.759694119348040431e-01
2.052052052052052156e-01 1.033322647988049597e-01 2.064964036085214713e-02 4.868294746606542845e-05 8.759694118928772477e-01
2.062062062062061940e-01 1.033322647989858012e-01 2.064964036088811142e-02 4.868294746605337348e-05 8.759694118926605322e-01
2.072072072072072002e-01 1.033322647770898162e-01 2.064964035653357385e-02 4.868294746751219461e-05 8.759694119189095352e-01
2.082082082082082064e-01 1.033322647559826585e-01 2.064964035233591427e-02 4.868294746891845904e-05 8.759694119442129612e-01
2.092092092092092126e-01 1.033322647358377866e-01 2.064964034832962939e-02 4.868294747026060646e-05 8.759694119683627545e-01
2.102102102102102188e-01 1.033322647168286451e-01 2.064964034454920896e-02 4.868294747152709012e-05 8.759694119911510812e-01
2.112112112112111972e-01 1.033322646991286925e-01 2.064964034102915666e-02 4.868294747270634972e-05 8.759694120123698857e-01
2.122122122122122034e-01 1.033322646829114011e-01 2.064964033780396224e-02 4.868294747378682495e-05 8.759694120318113342e-01
2.132132132132132096e-01 1.033322646683502294e-01 2.064964033490812589e-02 4.868294747475696227e-05 8.759694120492673708e-01
2.142142142142142158e-01 1.033322646556186220e-01 2.064964033237614432e-02 4.868294747560520817e-05 8.759694120645300508e-01
2.152152152152152220e-01 1.033322646448900373e-01 2.064964033024251078e-02 4.868294747631999556e-05 8.759694120773915404e-01
2.162162162162162282e-01 1.033322646363379477e-01 2.064964032854172196e-02 4.868294747688978446e-05 8.759694120876438950e-01
2.172172172172172067e-01 1.033322646301357839e-01 2.064964032730827806e-02 4.868294747730300101e-05 8.759694120950790586e-01
2.182182182182182129e-01 1.033322646264570321e-01 2.064964032657667231e-02 4.868294747754809847e-05 8.759694120994891975e-01
2.192192192192192191e-01 1.033322646254751509e-01 2.064964032638139796e-02 4.868294747761351651e-05 8.759694121006662559e-01
2.202202202202202252e-01 1.033322646273635709e-01 2.064964032675695865e-02 4.868294747748770163e-05 8.759694120984024002e-01
2.212212212212212314e-01 1.033322646322957644e-01 2.064964032773784416e-02 4.868294747715909350e-05 8.759694120924896854e-01
2.222222222222222099e-01 1.033322646404452039e-01 2.064964032935855121e-02 4.868294747661613861e-05 8.759694120827200559e-01
2.232232232232232161e-01 1.033322646519853200e-01 2.064964033165357996e-02 4.868294747584727664e-05 8.759694120688856778e-01
2.242242242242242223e-01 1.033322646670895989e-01 2.064964033465742366e-02 4.868294747484095406e-05 8.759694120507786064e-01
2.252252252252252285e-01 1.033322646859314714e-01 2.064964033840457902e-02 4.868294747358561735e-05 8.759694120281907859e-01
2.262262262262262347e-01 1.033322647086844237e-01 2.064964034292953929e-02 4.868294747206969943e-05 8.759694120009143825e-01
2.272272272272272131e-01 1.033322647355218865e-01 2.064964034826680811e-02 4.868294747028165353e-05 8.759694119687414515e-01
2.282282282282282193e-01 1.033322647666173183e-01 2.064964035445087526e-02 4.868294746820992614e-05 8.759694119314640481e-01
2.292292292292292255e-01 1.033322648021442053e-01 2.064964036151624091e-02 4.868294746584294339e-05 8.759694118888741166e-01
2.302302302302302317e-01 1.033322648233539337e-01 2.064964036573430084e-02 4.868294746442984849e-05 8.759694118634477888e-01
2.312312312312312379e-01 1.033322648276526895e-01 2.064964036658920726e-02 4.868294746414344293e-05 8.759694118582943556e-01
2.322322322322322163e-01 1.033322648321489123e-01 2.064964036748338783e-02 4.868294746384388465e-05 8.759694118529043338e-01
2.332332332332332225e-01 1.033322648368306257e-01 2.064964036841445902e-02 4.868294746353196646e-05 8.759694118472918234e-01
2.342342342342342287e-01 1.033322648416858947e-01 2.064964036938004427e-02 4.868294746320848119e-05 8.759694118414712571e-01
2.352352352352352349e-01 1.033322648467027427e-01 2.064964037037776354e-02 4.868294746287423521e-05 8.759694118354570680e-01
2.362362362362362411e-01 1.033322648518692211e-01 2.064964037140524025e-02 4.868294746253002135e-05 8.759694118292634668e-01
2.372372372372372473e-01 1.033322648571733671e-01 2.064964037246009784e-02 4.868294746217663243e-05 8.759694118229047755e-01
2.382382382382382258e-01 1.033322648626032181e-01 2.064964037353994933e-02 4.868294746181486805e-05 8.759694118163954268e-01
2.392392392392392320e-01 1.033322648681468114e-01 2.064964037464242508e-02 4.868294746144552780e-05 8.759694118097497428e-01
2.402402402402402382e-01 1.033322648737921984e-01 2.064964037576514505e-02 4.868294746106940451e-05 8.759694118029820453e-01
2.412412412412412444e-01 1.033322648795274024e-01 2.064964037690572574e-02 4.868294746068729779e-05 8.759694117961065452e-01
2.422422422422422505e-01 1.033322648853404885e-01 2.064964037806179403e-02 4.868294746030000044e-05 8.759694117891378973e-01
2.432432432432432290e-01 1.033322648912194663e-01 2.064964037923096990e-02 4.868294745990831208e-05 8.759694117820900905e-01
2.442442442442442352e-01 1.033322648971524010e-01 2.064964038041087677e-02 4.868294745951303230e-05 8.759694117749776687e-01
2.452452452452452414e-01 1.033322649031273160e-01 2.064964038159913112e-02 4.868294745911495392e-05 8.759694117678148428e-01
2.462462462462462476e-01 1.033322649091322626e-01 2.064964038279335640e-02 4.868294745871487654e-05 8.759694117606160457e-01
2.472472472472472538e-01 1.033322649151552919e-01 2.064964038399117602e-02 4.868294745831359298e-05 8.759694117533955993e-01
2.482482482482482600e-01 1.033322649211844135e-01 2.064964038519020995e-02 4.868294745791190286e-05 8.759694117461679364e-01
2.492492492492492384e-01 1.033322649272076926e-01 2.064964038638808161e-02 4.868294745751059897e-05 8.759694117389471568e-01
2.502502502502502724e-01 1.033322649332131526e-01 2.064964038758241097e-02 4.868294745711048771e-05 8.759694117317476936e-01
2.512512512512512508e-01 1.033322649391888448e-01 2.064964038877081798e-02 4.868294745671235512e-05 8.759694117245840905e-01
2.522522522522522292e-01 1.033322649451228065e-01 2.064964038995092607e-02 4.868294745631700758e-05 8.759694117174703365e-01
2.532532532532532632e-01 1.033322649510030888e-01 2.064964039112035868e-02 4.868294745592523790e-05 8.759694117104210864e-01
2.542542542542542416e-01 1.033322649565275586e-01 2.064964039221902845e-02 4.868294745555716481e-05 8.759694117037982730e-01
2.552552552552552756e-01 1.033322649614304561e-01 2.064964039319408529e-02 4.868294745523050825e-05 8.759694116979206413e-01
2.562562562562562540e-01 1.033322649661451431e-01 2.064964039413171373e-02 4.868294745491639455e-05 8.759694116922686069e-01
2.572572572572572325e-01 1.033322649706557989e-01 2.064964039502876353e-02 4.868294745461587404e-05 8.759694116868612657e-01
2.582582582582582664e-01 1.033322649749465888e-01 2.064964039588209135e-02 4.868294745432999703e-05 8.759694116817173803e-01
2.592592592592592449e-01 1.033322649790017062e-01 2.064964039668854695e-02 4.868294745405982740e-05 8.759694116768561578e-01
2.602602602602602788e-01 1.033322649828053025e-01 2.064964039744498353e-02 4.868294745380641548e-05 8.759694116722963608e-01
2.612612612612612573e-01 1.033322649863415710e-01 2.064964039814825084e-02 4.868294745357081157e-05 8.759694116680570852e-01
2.622622622622622357e-01 1.033322649895946632e-01 2.064964039879520902e-02 4.868294745335407278e-05 8.759694116641572048e-01
2.632632632632632697e-01 1.033322649925487724e-01 2.064964039938270088e-02 4.868294745315725620e-05 8.759694116606158154e-01
2.642642642642642481e-01 1.033322649951880640e-01 2.064964039990758657e-02 4.868294745298141216e-05 8.759694116574517908e-01
2.652652652652652820e-01 1.033322649974967172e-01 2.064964040036671930e-02 4.868294745282759775e-05 8.759694116546841158e-01
2.662662662662662605e-01 1.033322649994588976e-01 2.064964040075694188e-02 4.868294745269687008e-05 8.759694116523318863e-01
2.672672672672672389e-01 1.033322650010587707e-01 2.064964040107511792e-02 4.868294745259027945e-05 8.759694116504139760e-01
2.682682682682682729e-01 1.033322650022805295e-01 2.064964040131809370e-02 4.868294745250887620e-05 8.759694116489492588e-01
2.692692692692692513e-01 1.033322650031083395e-01 2.064964040148272589e-02 4.868294745245372419e-05 8.759694116479569415e-01
2.702702702702702853e-01 1.033322650035263801e-01 2.064964040156586078e-02 4.868294745242587374e-05 8.759694116474557868e-01
2.712712712712712637e-01 1.033322650035188167e-01 2.064964040156435504e-02 4.868294745242637519e-05 8.759694116474647796e-01
2.722722722722722422e-01 1.033322650030698148e-01 2.064964040147506535e-02 4.868294745245629239e-05 8.759694116480031267e-01
2.732732732732732761e-01 1.033322650021635675e-01 2.064964040129483452e-02 4.868294745251666890e-05 8.759694116490894800e-01
2.742742742742742545e-01 1.033322650007842403e-01 2.064964040102052270e-02 4.868294745260856859e-05 8.759694116507430461e-01
2.752752752752752885e-01 1.033322649989159986e-01 2.064964040064897963e-02 4.868294745273304177e-05 8.759694116529826990e-01
2.762762762762762669e-01 1.033322649965430357e-01 2.064964040017705851e-02 4.868294745289113878e-05 8.759694116558274235e-01
2.772772772772773009e-01 1.033322649936495030e-01 2.064964039960161257e-02 4.868294745308392348e-05 8.759694116592962043e-01
2.782782782782782793e-01 1.033322649963437090e-01 2.064964040013742355e-02 4.868294745290442025e-05 8.759694116560663435e-01
2.792792792792792578e-01 1.033322650176655005e-01 2.064964040437776427e-02 4.868294745148385791e-05 8.759694116305056788e-01
2.802802802802802917e-01 1.033322650390539610e-01 2.064964040863136521e-02 4.868294745005885034e-05 8.759694116048649670e-01
2.812812812812812702e-01 1.033322650604985571e-01 2.064964041289613084e-02 4.868294744863010904e-05 8.759694115791570868e-01
2.822822822822823041e-01 1.033322650819887695e-01 2.064964041716996906e-02 4.868294744719832521e-05 8.759694115533944725e-01
2.832832832832832826e-01 1.033322651035140510e-01 2.064964042145078088e-02 4.868294744576420356e-05 8.759694115275897808e-01
2.842842842842842610e-01 1.033322651250638963e-01 2.064964042573647421e-02 4.868294744432844883e-05 8.759694115017556681e-01
2.852852852852852950e-01 1.033322651466277442e-01 2.064964043002495697e-02 4.868294744289175898e-05 8.759694114759047912e-01
2.862862862862862734e-01 1.033322651681950755e-01 2.064964043431413362e-02 4.868294744145483874e-05 8.759694114500496953e-01
2.872872872872873073e-01 1.033322651897553707e-01 2.064964043860190515e-02 4.868294744001838606e-05 8.759694114242030372e-01
2.882882882882882858e-01 1.033322652112980827e-01 2.064964044288618641e-02 4.868294743858310567e-05 8.759694113983774733e-01
2.892892892892892642e-01 1.033322652328126923e-01 2.064964044716487493e-02 4.868294743714969553e-05 8.759694113725856601e-01
2.902902902902902982e-01 1.033322652542886522e-01 2.064964045143587862e-02 4.868294743571886037e-05 8.759694113468401433e-01
2.912912912912912766e-01 1.033322652757154569e-01 2.064964045569710541e-02 4.868294743429130492e-05 8.759694113211534683e-01
2.922922922922923106e-01 1.033322652970825595e-01 2.064964045994645975e-02 4.868294743286772036e-05 8.759694112955385137e-01
2.932932932932932890e-01 1.033322653183794265e-01 2.064964046418184609e-02 4.868294743144881820e-05 8.759694112700076030e-01
2.942942942942942675e-01 1.033322653395955387e-01 2.064964046840117237e-02 4.868294743003529640e-05 8.759694112445736147e-01
2.952952952952953014e-01 1.033322653607203628e-01 2.064964047260234303e-02 4.868294742862785967e-05 8.759694112192490945e-01
2.962962962962962798e-01 1.033322653817433517e-01 2.064964047678326253e-02 4.868294742722719922e-05 8.759694111940464767e-01
2.972972972972973138e-01 1.033322654026540000e-01 2.064964048094183879e-02 4.868294742583403331e-05 8.759694111689787510e-01
2.982982982982982922e-01 1.033322654234417604e-01 2.064964048507597627e-02 4.868294742444904635e-05 8.759694111440582409e-01
2.992992992992992707e-01 1.033322654440960997e-01 2.064964048918358289e-02 4.868294742307295662e-05 8.759694111192976029e-01
3.003003003003003046e-01 1.033322654646064986e-01 2.064964049326255963e-02 4.868294742170645531e-05 8.759694110947096046e-01
3.013013013013012831e-01 1.033322654849624239e-01 2.064964049731081441e-02 4.868294742035024036e-05 8.759694110703067915e-01
3.023023023023023170e-01 1.033322655051533284e-01 2.064964050132625517e-02 4.868294741900502329e-05 8.759694110461018202e-01
3.033033033033032955e-01 1.033322655251687067e-01 2.064964050530678635e-02 4.868294741767150205e-05 8.759694110221072361e-01
3.043043043043043294e-01 1.033322655449980115e-01 2.064964050925031241e-02 4.868294741635037460e-05 8.759694109983356958e-01
3.053053053053053079e-01 1.033322655646307098e-01 2.064964051315474128e-02 4.868294741504234567e-05 8.759694109747998558e-01
3.063063063063062863e-01 1.033322655840562820e-01 2.064964051701797740e-02 4.868294741374811998e-05 8.759694109515123728e-01
3.073073073073073203e-01 1.033322656032641951e-01 2.064964052083792523e-02 4.868294741246839550e-05 8.759694109284857921e-01
3.083083083083082987e-01 1.033322656222439018e-01 2.064964052461248922e-02 4.868294741120387018e-05 8.759694109057327704e-01
3.093093093093093326e-01 1.033322656409848966e-01 2.064964052833958078e-02 4.868294740995525552e-05 8.759694108832659643e-01
3.103103103103103111e-01 1.033322656594766326e-01 2.064964053201710087e-02 4.868294740872324271e-05 8.759694108610979191e-01
3.113113113113112895e-01 1.033322656777085902e-01 2.064964053564295396e-02 4.868294740750854326e-05 8.759694108392412915e-01
3.123123123123123235e-01 1.033322656956702223e-01 2.064964053921505144e-02 4.868294740631184833e-05 8.759694108177087379e-01
3.133133133133133019e-01 1.033322657133510236e-01 2.064964054273129429e-02 4.868294740513386945e-05 8.759694107965129151e-01
3.143143143143143359e-01 1.033322657307404330e-01 2.064964054618959044e-02 4.868294740397530456e-05 8.759694107756663684e-01
3.153153153153153143e-01 1.033322657478279311e-01 2.064964054958784434e-02 4.868294740283684484e-05 8.759694107551817543e-01
3.163163163163162928e-01 1.033322657646029985e-01 2.064964055292396392e-02 4.868294740171920859e-05 8.759694107350717296e-01
3.173173173173173267e-01 1.033322657810550882e-01 2.064964055619585015e-02 4.868294740062309374e-05 8.759694107153488396e-01
3.183183183183183051e-01 1.033322657971736808e-01 2.064964055940141444e-02 4.868294739954919149e-05 8.759694106960257409e-01
3.193193193193193391e-01 1.033322658129482430e-01 2.064964056253856123e-02 4.868294739849821334e-05 8.759694106771150901e-01
3.203203203203203175e-01 1.033322658283682416e-01 2.064964056560519151e-02 4.868294739747085724e-05 8.759694106586294327e-01
3.213213213213212960e-01 1.033322658434231434e-01 2.064964056859921321e-02 4.868294739646782793e-05 8.759694106405815361e-01
3.223223223223223299e-01 1.033322658581024150e-01 2.064964057151853771e-02 4.868294739548981658e-05 8.759694106229839461e-01
3.233233233233233084e-01 1.033322658723955373e-01 2.064964057436106254e-02 4.868294739453754149e-05 8.759694106058492080e-01
3.243243243243243423e-01 1.033322658862919768e-01 2.064964057712469561e-02 4.868294739361169382e-05 8.759694105891900895e-01
3.253253253253253208e-01 1.033322658997811866e-01 2.064964057980734832e-02 4.868294739271297153e-05 8.759694105730191360e-01
3.263263263263262992e-01 1.033322659128526610e-01 2.064964058240691819e-02 4.868294739184208614e-05 8.759694105573490042e-01
3.273273273273273332e-01 1.033322659254958531e-01 2.064964058492131660e-02 4.868294739099973559e-05 8.759694105421922394e-01
3.283283283283283116e-01 1.033322659377002295e-01 2.064964058734844801e-02 4.868294739018661784e-05 8.759694105275614984e-01
3.293293293293293456e-01 1.033322659494552709e-01 2.064964058968621688e-02 4.868294738940344440e-05 8.759694105134694375e-01
3.303303303303303240e-01 1.033322659607504440e-01 2.064964059193252766e-02 4.868294738865089967e-05 8.759694104999287134e-01
3.313313313313313024e-01 1.033322659715752156e-01 2.064964059408528826e-02 4.868294738792970194e-05 8.759694104869519826e-01
3.323323323323323364e-01 1.033322659819190525e-01 2.064964059614240316e-02 4.868294738724054916e-05 8.759694104745516796e-01
3.333333333333333148e-01 1.033322659917714215e-01 2.064964059810178026e-02 4.868294738658413251e-05 8.759694104627405720e-01
3.343343343343343488e-01 1.033322660011217892e-01 2.064964059996132403e-02 4.868294738596116349e-05 8.759694104515313162e-01
3.353353353353353272e-01 1.033322660099596363e-01 2.064964060171894239e-02 4.868294738537234684e-05 8.759694104409364579e-01
3.363363363363363057e-01 1.033322660182744296e-01 2.064964060337253285e-02 4.868294738481837374e-05 8.759694104309685425e-01
3.373373373373373396e-01 1.033322660260556358e-01 2.064964060492001027e-02 4.868294738429994892e-05 8.759694104216404487e-01
3.383383383383383181e-01 1.033322660332927356e-01 2.064964060635927912e-02 4.868294738381777711e-05 8.759694104129644998e-01
3.393393393393393520e-01 1.033322660399751680e-01 2.064964060768824036e-02 4.868294738337256304e-05 8.759694104049535746e-01
3.403403403403403304e-01 1.033322660460924275e-01 2.064964060890480194e-02 4.868294738296499789e-05 8.759694103976202184e-01
3.413413413413413644e-01 1.033322660516339808e-01 2.064964061000686829e-02 4.868294738259579317e-05 8.759694103909769769e-01
3.423423423423423428e-01 1.033322660565892809e-01 2.064964061099234735e-02 4.868294738226564683e-05 8.759694103850365066e-01
3.433433433433433213e-01 1.033322660609478222e-01 2.064964061185914704e-02 4.868294738197525683e-05 8.759694103798114639e-01
3.443443443443443552e-01 1.033322660646990437e-01 2.064964061260516834e-02 4.868294738172533468e-05 8.759694103753143946e-01
3.453453453453453337e-01 1.033322660678324401e-01 2.064964061322831917e-02 4.868294738151657155e-05 8.759694103715580660e-01
3.463463463463463676e-01 1.033322660703374779e-01 2.064964061372650400e-02 4.868294738134967218e-05 8.759694103685550237e-01
3.473473473473473461e-01 1.033322660722036102e-01 2.064964061409762727e-02 4.868294738122534130e-05 8.759694103663179243e-01
3.483483483483483245e-01 1.033322660734203174e-01 2.064964061433960038e-02 4.868294738114427685e-05 8.759694103648593133e-01
3.493493493493493585e-01 1.033322660739770665e-01 2.064964061445032431e-02 4.868294738110718359e-05 8.759694103641918472e-01
3.503503503503503369e-01 1.033322660738633381e-01 2.064964061442770352e-02 4.868294738111476623e-05 8.759694103643281826e-01
3.513513513513513709e-01 1.033322660730685849e-01 2.064964061426964939e-02 4.868294738116771595e-05 8.759694103652809760e-01
3.523523523523523493e-01 1.033322660715822738e-01 2.064964061397405945e-02 4.868294738126673749e-05 8.759694103670627729e-01
3.533533533533533277e-01 1.033322660693938855e-01 2.064964061353884855e-02 4.868294738141254235e-05 8.759694103696862300e-01
3.543543543543543617e-01 1.033322660664928866e-01 2.064964061296191769e-02 4.868294738160581494e-05 8.759694103731640036e-01
3.553553553553553401e-01 1.033322660628687439e-01 2.064964061224117131e-02 4.868294738184727354e-05 8.759694103775086393e-01
3.563563563563563741e-01 1.033322660585109382e-01 2.064964061137451734e-02 4.868294738213761611e-05 8.759694103827327938e-01
3.573573573573573525e-01 1.033322660534089221e-01 2.064964061035986023e-02 4.868294738247753382e-05 8.759694103888491234e-01
3.583583583583583310e-01 1.033322660475521626e-01 2.064964060919510444e-02 4.868294738286773818e-05 8.759694103958702849e-01
3.593593593593593649e-01 1.033322660409301402e-01 2.064964060787816136e-02 4.868294738330893393e-05 8.759694104038087126e-01
3.603603603603603434e-01 1.033322660335323218e-01 2.064964060640692850e-02 4.868294738380181223e-05 8.759694104126772851e-01
3.613613613613613773e-01 1.033322660253481878e-01 2.064964060477931726e-02 4.868294738434707783e-05 8.759694104224885480e-01
3.623623623623623557e-01 1.033322660163671775e-01 2.064964060299323556e-02 4.868294738494543546e-05 8.759694104332550468e-01
3.633633633633633342e-01 1.033322660065787851e-01 2.064964060104658092e-02 4.868294738559758984e-05 8.759694104449894381e-01
3.643643643643643681e-01 1.033322659959724776e-01 2.064964059893726472e-02 4.868294738630423216e-05 8.759694104577042673e-01
3.653653653653653466e-01 1.033322659845377217e-01 2.064964059666319143e-02 4.868294738706607392e-05 8.759694104714124130e-01
3.663663663663663805e-01 1.033322659722639703e-01 2.064964059422226897e-02 4.868294738788380631e-05 8.759694104861261987e-01
3.673673673673673590e-01 1.033322659591407178e-01 2.064964059161239832e-02 4.868294738875814760e-05 8.759694105018585031e-01
3.683683683683683929e-01 1.033322659451574171e-01 2.064964058883148740e-02 4.868294738968978219e-05 8.759694105186217605e-01
3.693693693693693714e-01 1.033322659303035351e-01 2.064964058587744414e-02 4.868294739067941483e-05 8.759694105364287386e-01
3.703703703703703498e-01 1.033322659145685662e-01 2.064964058274816952e-02 4.868294739172775702e-05 8.759694105552918719e-01
3.713713713713713838e-01 1.033322658979419495e-01 2.064964057944157494e-02 4.868294739283550671e-05 8.759694105752240390e-01
3.723723723723723622e-01 1.033322658804131655e-01 2.064964057595556138e-02 4.868294739400336185e-05 8.759694105962376742e-01
3.733733733733733962e-01 1.033322658619716811e-01 2.064964057228803676e-02 4.868294739523202041e-05 8.759694106183454343e-01
3.743743743743743746e-01 1.033322658426069768e-01 2.064964056843690554e-02 4.868294739652219389e-05 8.759694106415599757e-01
3.753753753753753530e-01 1.033322658223085055e-01 2.064964056440007564e-02 4.868294739787457347e-05 8.759694106658939550e-01
3.763763763763763870e-01 1.033322658010657480e-01 2.064964056017545152e-02 4.868294739928987066e-05 8.759694106913599176e-01
3.773773773773773654e-01 1.033322657788681709e-01 2.064964055576093763e-02 4.868294740076878341e-05 8.759694107179705203e-01
3.783783783783783994e-01 1.033322657557052410e-01 2.064964055115443842e-02 4.868294740231200968e-05 8.759694107457384193e-01
3.793793793793793778e-01 1.033322657315664250e-01 2.064964054635386528e-02 4.868294740392026097e-05 8.759694107746761604e-01
3.803803803803803563e-01 1.033322657064411898e-01 2.064964054135711921e-02 4.868294740559422169e-05 8.759694108047965111e-01
3.813813813813813902e-01 1.033322656803190159e-01 2.064964053616210812e-02 4.868294740733461012e-05 8.759694108361119058e-01
3.823823823823823687e-01 1.033322656531893702e-01 2.064964053076673300e-02 4.868294740914212422e-05 8.759694108686351122e-01
3.833833833833834026e-01 1.033322656250417193e-01 2.064964052516890872e-02 4.868294741101745517e-05 8.759694109023786757e-01
3.843843843843843811e-01 1.033322655958655301e-01 2.064964051936653278e-02 4.868294741296131447e-05 8.759694109373553639e-01
3.853853853853853595e-01 1.033322655656502692e-01 2.064964051335751311e-02 4.868294741497440685e-05 8.759694109735776113e-01
3.863863863863863934e-01 1.033322655343854035e-01 2.064964050713975416e-02 4.868294741705742350e-05 8.759694110110581855e-01
3.873873873873873719e-01 1.033322655020604275e-01 2.064964050071116733e-02 4.868294741921107592e-05 8.759694110498095210e-01
3.883883883883884058e-01 1.033322654686647801e-01 2.064964049406965360e-02 4.868294742143605529e-05 8.759694110898444963e-01
3.893893893893893843e-01 1.033322654341879421e-01 2.064964048721311743e-02 4.868294742373307311e-05 8.759694111311755460e-01
3.903903903903903627e-01 1.033322653986193801e-01 2.064964048013946674e-02 4.868294742610282058e-05 8.759694111738154376e-01
3.913913913913913967e-01 1.033322653619485609e-01 2.064964047284660945e-02 4.868294742854601596e-05 8.759694112177766057e-01
3.923923923923923751e-01 1.033322653241649652e-01 2.064964046533244654e-02 4.868294743106334367e-05 8.759694112630719287e-01
3.933933933933934091e-01 1.033322652852580598e-01 2.064964045759488595e-02 4.868294743365550844e-05 8.759694113097137302e-01
3.943943943943943875e-01 1.033322652452172974e-01 2.064964044963183559e-02 4.868294743632322176e-05 8.759694113577148888e-01
3.953953953953953659e-01 1.033322652040321588e-01 2.064964044144119645e-02 4.868294743906717483e-05 8.759694114070879500e-01
3.963963963963963999e-01 1.033322651616921245e-01 2.064964043302087646e-02 4.868294744188807915e-05 8.759694114578454593e-01
3.973973973973973783e-01 1.033322651472197984e-01 2.064964043014271347e-02 4.868294744285229402e-05 8.759694114751950256e-01
3.983983983983984123e-01 1.033322651492392108e-01 2.064964043054432277e-02 4.868294744271775131e-05 8.759694114727740732e-01
3.993993993993993907e-01 1.033322651512360302e-01 2.064964043094143567e-02 4.868294744258471293e-05 8.759694114703803214e-01
4.004004004004003692e-01 1.033322651532093822e-01 2.064964043133388563e-02 4.868294744245323986e-05 8.759694114680146582e-01
4.014014014014014031e-01 1.033322651551584481e-01 2.064964043172150265e-02 4.868294744232337954e-05 8.759694114656780828e-01
4.024024024024023816e-01 1.033322651570823536e-01 2.064964043210411673e-02 4.868294744219519974e-05 8.759694114633717055e-01
4.034034034034034155e-01 1.033322651589802521e-01 2.064964043248155787e-02 4.868294744206875466e-05 8.759694114610965254e-01
4.044044044044043940e-01 1.033322651608512971e-01 2.064964043285365952e-02 4.868294744194409852e-05 8.759694114588534308e-01
4.054054054054054279e-01 1.033322651626946281e-01 2.064964043322024823e-02 4.868294744182128552e-05 8.759694114566436429e-01
4.064064064064064064e-01 1.033322651645093987e-01 2.064964043358116091e-02 4.868294744170037665e-05 8.759694114544680499e-01
4.074074074074073848e-01 1.033322651662947622e-01 2.064964043393622065e-02 4.868294744158142612e-05 8.759694114523277619e-01
4.084084084084084187e-01 1.033322651680498583e-01 2.064964043428526436e-02 4.868294744146449491e-05 8.759694114502237783e-01
4.094094094094093972e-01 1.033322651697738404e-01 2.064964043462811857e-02 4.868294744134963047e-05 8.759694114481570981e-01
4.104104104104104311e-01 1.033322651714658619e-01 2.064964043496461676e-02 4.868294744123690055e-05 8.759694114461286096e-01
4.114114114114114096e-01 1.033322651731250486e-01 2.064964043529458546e-02 4.868294744112635936e-05 8.759694114441395341e-01
4.124124124124123880e-01 1.033322651747505816e-01 2.064964043561786158e-02 4.868294744101805434e-05 8.759694114421908706e-01
4.134134134134134220e-01 1.033322651763415867e-01 2.064964043593427168e-02 4.868294744091205325e-05 8.759694114402836185e-01
4.144144144144144004e-01 1.033322651778972312e-01 2.064964043624364573e-02 4.868294744080841030e-05 8.759694114384186658e-01
4.154154154154154344e-01 1.033322651794166408e-01 2.064964043654581721e-02 4.868294744070717970e-05 8.759694114365972339e-01
4.164164164164164128e-01 1.033322651808989689e-01 2.064964043684061612e-02 4.868294744060842243e-05 8.759694114348202110e-01
4.174174174174173912e-01 1.033322651823433830e-01 2.064964043712786898e-02 4.868294744051218593e-05 8.759694114330885961e-01
4.184184184184184252e-01 1.033322651837490086e-01 2.064964043740741273e-02 4.868294744041853797e-05 8.759694114314034996e-01
4.194194194194194036e-01 1.033322651851150131e-01 2.064964043767907390e-02 4.868294744032752598e-05 8.759694114297659207e-01
4.204204204204204376e-01 1.033322651864405362e-01 2.064964043794268594e-02 4.868294744023921771e-05 8.759694114281768584e-01
4.214214214214214160e-01 1.033322651877247172e-01 2.064964043819807540e-02 4.868294744015365383e-05 8.759694114266374232e-01
4.224224224224223945e-01 1.033322651889667237e-01 2.064964043844507574e-02 4.868294744007090887e-05 8.759694114251485031e-01
4.234234234234234284e-01 1.033322651901656813e-01 2.064964043868352042e-02 4.868294743999103028e-05 8.759694114237112084e-01
4.244244244244244069e-01 1.033322651913207574e-01 2.064964043891323250e-02 4.868294743991407225e-05 8.759694114223264272e-01
4.254254254254254408e-01 1.033322651924311053e-01 2.064964043913405239e-02 4.868294743984009578e-05 8.759694114209953808e-01
4.264264264264264193e-01 1.033322651934958508e-01 2.064964043934580315e-02 4.868294743976915508e-05 8.759694114197189574e-01
4.274274274274273977e-01 1.033322651945141613e-01 2.064964043954831477e-02 4.868294743970131113e-05 8.759694114184981562e-01
4.284284284284284317e-01 1.033322651954851762e-01 2.064964043974142419e-02 4.868294743963661814e-05 8.759694114173340873e-01
4.294294294294294101e-01 1.033322651964080352e-01 2.064964043992495793e-02 4.868294743957513033e-05 8.759694114162277501e-01
4.304304304304304440e-01 1.033322651972819056e-01 2.064964044009874947e-02 4.868294743951690867e-05 8.759694114151801436e-01
4.314314314314314225e-01 1.033322651981059270e-01 2.064964044026262532e-02 4.868294743946200738e-05 8.759694114141923782e-01
4.324324324324324564e-01 1.033322651988792529e-01 2.064964044041641897e-02 4.868294743941048745e-05 8.759694114132652309e-01
4.334334334334334349e-01 1.033322651996010366e-01 2.064964044055996040e-02 4.868294743936239631e-05 8.759694114124000341e-01
4.344344344344344133e-01 1.033322652002704040e-01 2.064964044069307961e-02 4.868294743931780172e-05 8.759694114115975649e-01
4.354354354354354473e-01 1.033322652008865222e-01 2.064964044081561007e-02 4.868294743927675111e-05 8.759694114108589336e-01
4.364364364364364257e-01 1.033322652014485310e-01 2.064964044092737830e-02 4.868294743923931226e-05 8.759694114101852502e-01
4.374374374374374597e-01 1.033322652019555837e-01 2.064964044102821777e-02 4.868294743920552581e-05 8.759694114095774031e-01
4.384384384384384381e-01 1.033322652024068200e-01 2.064964044111795849e-02 4.868294743917546630e-05 8.759694114090363914e-01
4.394394394394394165e-01 1.033322652028014071e-01 2.064964044119643044e-02 4.868294743914917440e-05 8.759694114085633254e-01
4.404404404404404505e-01 1.033322652031384847e-01 2.064964044126346709e-02 4.868294743912671786e-05 8.759694114081593153e-01
4.414414414414414289e-01 1.033322652034171923e-01 2.064964044131889498e-02 4.868294743910815090e-05 8.759694114078251381e-01
4.424424424424424629e-01 1.033322652036366834e-01 2.064964044136254409e-02 4.868294743909352094e-05 8.759694114075620153e-01
4.434434434434434413e-01 1.033322652037961115e-01 2.064964044139425137e-02 4.868294743908290254e-05 8.759694114073709459e-01
4.444444444444444198e-01 1.033322652038946299e-01 2.064964044141384333e-02 4.868294743907633634e-05 8.759694114072528182e-01
4.454454454454454537e-01 1.033322652039313644e-01 2.064964044142114999e-02 4.868294743907389011e-05 8.759694114072087423e-01
4.464464464464464322e-01 1.033322652039054962e-01 2.064964044141600480e-02 4.868294743907561806e-05 8.759694114072398285e-01
4.474474474474474661e-01 1.033322652038161371e-01 2.064964044139823429e-02 4.868294743908156762e-05 8.759694114073468540e-01
4.484484484484484446e-01 1.033322652036624684e-01 2.064964044136767193e-02 4.868294743909180655e-05 8.759694114075311511e-01
4.494494494494494230e-01 1.033322652034436157e-01 2.064964044132414772e-02 4.868294743910638907e-05 8.759694114077934968e-01
4.504504504504504570e-01 1.033322652031587463e-01 2.064964044126749512e-02 4.868294743912536938e-05 8.759694114081350014e-01
4.514514514514514354e-01 1.033322652028069860e-01 2.064964044119754066e-02 4.868294743914880170e-05 8.759694114085566641e-01
4.524524524524524693e-01 1.033322652023875021e-01 2.064964044111411434e-02 4.868294743917675379e-05 8.759694114090595951e-01
4.534534534534534478e-01 1.033322652018994342e-01 2.064964044101704962e-02 4.868294743920926630e-05 8.759694114096446826e-01
4.544544544544544262e-01 1.033322652013419357e-01 2.064964044090617998e-02 4.868294743924641378e-05 8.759694114103130369e-01
4.554554554554554602e-01 1.033322652007141601e-01 2.064964044078132846e-02 4.868294743928823688e-05 8.759694114110655461e-01
4.564564564564564386e-01 1.033322652000152331e-01 2.064964044064233201e-02 4.868294743933480336e-05 8.759694114119034314e-01
4.574574574574574726e-01 1.033322651992443358e-01 2.064964044048902062e-02 4.868294743938616744e-05 8.759694114128275810e-01
4.584584584584584510e-01 1.033322651984005802e-01 2.064964044032122081e-02 4.868294743944238332e-05 8.759694114138391052e-01
4.594594594594594295e-01 1.033322651974831474e-01 2.064964044013876954e-02 4.868294743950350522e-05 8.759694114149388922e-01
4.604604604604604634e-01 1.033322651964911770e-01 2.064964043994148984e-02 4.868294743956959412e-05 8.759694114161281631e-01
4.614614614614614418e-01 1.033322651954238086e-01 2.064964043972921867e-02 4.868294743964071100e-05 8.759694114174076951e-01
4.624624624624624758e-01 1.033322651942801956e-01 2.064964043950178255e-02 4.868294743971690331e-05 8.759694114187787095e-01
4.634634634634634542e-01 1.033322651930594777e-01 2.064964043925901493e-02 4.868294743979823203e-05 8.759694114202420945e-01
4.644644644644644327e-01 1.033322651917608220e-01 2.064964043900074583e-02 4.868294743988475814e-05 8.759694114217988492e-01
4.654654654654654666e-01 1.033322651903833683e-01 2.064964043872680524e-02 4.868294743997652907e-05 8.759694114234501949e-01
4.664664664664664451e-01 1.033322651889262561e-01 2.064964043843702662e-02 4.868294744007360583e-05 8.759694114251970198e-01
4.674674674674674790e-01 1.033322651873886389e-01 2.064964043813123651e-02 4.868294744017604938e-05 8.759694114270403231e-01
4.684684684684684575e-01 1.033322651857696839e-01 2.064964043780926489e-02 4.868294744028391394e-05 8.759694114289811040e-01
4.694694694694694914e-01 1.033322651840685030e-01 2.064964043747094871e-02 4.868294744039725373e-05 8.759694114310204727e-01
4.704704704704704699e-01 1.033322651822842775e-01 2.064964043711611102e-02 4.868294744051612972e-05 8.759694114331594283e-01
4.714714714714714483e-01 1.033322651804161468e-01 2.064964043674458877e-02 4.868294744064059613e-05 8.759694114353989702e-01
4.724724724724724823e-01 1.033322651784632507e-01 2.064964043635620847e-02 4.868294744077070717e-05 8.759694114377400975e-01
4.734734734734734607e-01 1.033322651764247424e-01 2.064964043595080359e-02 4.868294744090652382e-05 8.759694114401839204e-01
4.744744744744744946e-01 1.033322651742997755e-01 2.064964043552820067e-02 4.868294744104810029e-05 8.759694114427313272e-01
4.754754754754754731e-01 1.033322651720874896e-01 2.064964043508823663e-02 4.868294744119549080e-05 8.759694114453834279e-01
4.764764764764764515e-01 1.033322651697870381e-01 2.064964043463073801e-02 4.868294744134875633e-05 8.759694114481412219e-01
4.774774774774774855e-01 1.033322651673975745e-01 2.064964043415553480e-02 4.868294744150795787e-05 8.759694114510057084e-01
4.784784784784784639e-01 1.033322651649182383e-01 2.064964043366246046e-02 4.868294744167314284e-05 8.759694114539779974e-01
4.794794794794794979e-01 1.033322651623481830e-01 2.064964043315134501e-02 4.868294744184437225e-05 8.759694114570589774e-01
4.804804804804804763e-01 1.033322651596865482e-01 2.064964043262201496e-02 4.868294744202170707e-05 8.759694114602497583e-01
4.814814814814814548e-01 1.033322651569325012e-01 2.064964043207430724e-02 4.868294744220519473e-05 8.759694114635513396e-01
4.824824824824824887e-01 1.033322651540851678e-01 2.064964043150804840e-02 4.868294744239489623e-05 8.759694114669647202e-01
4.834834834834834671e-01 1.033322651511437151e-01 2.064964043092307189e-02 4.868294744259087255e-05 8.759694114704910106e-01
4.844844844844845011e-01 1.033322651481072829e-01 2.064964043031920424e-02 4.868294744279317112e-05 8.759694114741310988e-01
4.854854854854854795e-01 1.033322651449750246e-01 2.064964042969627891e-02 4.868294744300185971e-05 8.759694114778860952e-01
4.864864864864864580e-01 1.033322651417460797e-01 2.064964042905412939e-02 4.868294744321698575e-05 8.759694114817568877e-01
4.874874874874874919e-01 1.033322651384196017e-01 2.064964042839257871e-02 4.868294744343861700e-05 8.759694114857446978e-01
4.884884884884884704e-01 1.033322651349947441e-01 2.064964042771146382e-02 4.868294744366679413e-05 8.759694114898505246e-01
4.894894894894895043e-01 1.033322651314706464e-01 2.064964042701061472e-02 4.868294744390159166e-05 8.759694114940751453e-01
4.904904904904904828e-01 1.033322651278464760e-01 2.064964042628986141e-02 4.868294744414305026e-05 8.759694114984198920e-01
4.914914914914914612e-01 1.033322651241213447e-01 2.064964042554903387e-02 4.868294744439123769e-05 8.759694115028855421e-01
4.924924924924924952e-01 1.033322651202944337e-01 2.064964042478796211e-02 4.868294744464620138e-05 8.759694115074733167e-01
4.934934934934934736e-01 1.033322651163648825e-01 2.064964042400647612e-02 4.868294744490800910e-05 8.759694115121841040e-01
4.944944944944945076e-01 1.033322651123318447e-01 2.064964042320440937e-02 4.868294744517671506e-05 8.759694115170189033e-01
4.954954954954954860e-01 1.033322651081944599e-01 2.064964042238159186e-02 4.868294744545236669e-05 8.759694115219788246e-01
4.964964964964965199e-01 1.033322651039518675e-01 2.064964042153785359e-02 4.868294744573502497e-05 8.759694115270648673e-01
4.974974974974974984e-01 1.033322650996032349e-01 2.064964042067302455e-02 4.868294744602475767e-05 8.759694115322780306e-01
4.984984984984984768e-01 1.033322650951477018e-01 2.064964041978693821e-02 4.868294744632160545e-05 8.759694115376194246e-01
4.994994994994995108e-01 1.033322650905844214e-01 2.064964041887942109e-02 4.868294744662563607e-05 8.759694115430899375e-01
5.005005005005005447e-01 1.033322650859125336e-01 2.064964041795030320e-02 4.868294744693689696e-05 8.759694115486905686e-01
5.015015015015015232e-01 1.033322650811312055e-01 2.064964041699942146e-02 4.868294744725545589e-05 8.759694115544224280e-01
5.025025025025025016e-01 1.033322650762395628e-01 2.064964041602660241e-02 4.868294744758136028e-05 8.759694115602866260e-01
5.035035035035034801e-01 1.033322650712367591e-01 2.064964041503167605e-02 4.868294744791467113e-05 8.759694115662840508e-01
5.045045045045044585e-01 1.033322650661219477e-01 2.064964041401447584e-02 4.868294744825544265e-05 8.759694115724157015e-01
5.055055055055055480e-01 1.033322650608942822e-01 2.064964041297483177e-02 4.868294744860373583e-05 8.759694115786826885e-01
5.065065065065065264e-01 1.033322650555529021e-01 2.064964041191257038e-02 4.868294744895961164e-05 8.759694115850858998e-01
5.075075075075075048e-01 1.033322650500969608e-01 2.064964041082752860e-02 4.868294744932311074e-05 8.759694115916265567e-01
5.085085085085084833e-01 1.033322650445255980e-01 2.064964040971953296e-02 4.868294744969430091e-05 8.759694115983055474e-01
5.095095095095094617e-01 1.033322650388379810e-01 2.064964040858841346e-02 4.868294745007324312e-05 8.759694116051238710e-01
5.105105105105105512e-01 1.033322650330332493e-01 2.064964040743400356e-02 4.868294745045997804e-05 8.759694116120826379e-01
5.115115115115115296e-01 1.033322650271105425e-01 2.064964040625613326e-02 4.868294745085458019e-05 8.759694116191828472e-01
5.125125125125125081e-01 1.033322650210690141e-01 2.064964040505463255e-02 4.868294745125709703e-05 8.759694116264254982e-01
5.135135135135134865e-01 1.033322650149078037e-01 2.064964040382933144e-02 4.868294745166758952e-05 8.759694116338115899e-01
5.145145145145144649e-01 1.033322650086260924e-01 2.064964040258006339e-02 4.868294745208610511e-05 8.759694116413421217e-01
5.155155155155155544e-01 1.033322650023424244e-01 2.064964040133040329e-02 4.868294745250475623e-05 8.759694116488750959e-01
5.165165165165165329e-01 1.033322650010348454e-01 2.064964040107036131e-02 4.868294745259187865e-05 8.759694116504426198e-01
5.175175175175175113e-01 1.033322649997355513e-01 2.064964040081196731e-02 4.868294745267843864e-05 8.759694116520001517e-01
5.185185185185184897e-01 1.033322649984448061e-01 2.064964040055526986e-02 4.868294745276443620e-05 8.759694116535475805e-01
5.195195195195194682e-01 1.033322649971628315e-01 2.064964040030031756e-02 4.868294745284985100e-05 8.759694116550843512e-01
5.205205205205205576e-01 1.033322649958898776e-01 2.064964040004716242e-02 4.868294745293466272e-05 8.759694116566103528e-01
5.215215215215215361e-01 1.033322649946262078e-01 2.064964039979585303e-02 4.868294745301885102e-05 8.759694116581252521e-01
5.225225225225225145e-01 1.033322649933720583e-01 2.064964039954643449e-02 4.868294745310240912e-05 8.759694116596288271e-01
5.235235235235234930e-01 1.033322649921276787e-01 2.064964039929895884e-02 4.868294745318531671e-05 8.759694116611205228e-01
5.245245245245244714e-01 1.033322649908933050e-01 2.064964039905347465e-02 4.868294745326755344e-05 8.759694116626003391e-01
5.255255255255255609e-01 1.033322649896692008e-01 2.064964039881003396e-02 4.868294745334911255e-05 8.759694116640678319e-01
5.265265265265265393e-01 1.033322649884556022e-01 2.064964039856867842e-02 4.868294745342996693e-05 8.759694116655226681e-01
5.275275275275275177e-01 1.033322649872527588e-01 2.064964039832946352e-02 4.868294745351010980e-05 8.759694116669646258e-01
5.285285285285284962e-01 1.033322649860609066e-01 2.064964039809243784e-02 4.868294745358951405e-05 8.759694116683934828e-01
5.295295295295294746e-01 1.033322649848803093e-01 2.064964039785764649e-02 4.868294745366817292e-05 8.759694116698087951e-01
5.305305305305305641e-01 1.033322649837112028e-01 2.064964039762514150e-02 4.868294745374606607e-05 8.759694116712102296e-01
5.315315315315315425e-01 1.033322649825538370e-01 2.064964039739497492e-02 4.868294745382317318e-05 8.759694116725977864e-01
5.325325325325325210e-01 1.033322649814084615e-01 2.064964039716718838e-02 4.868294745389948746e-05 8.759694116739707992e-01
5.335335335335334994e-01 1.033322649802753124e-01 2.064964039694183393e-02 4.868294745397498181e-05 8.759694116753292681e-01
5.345345345345344779e-01 1.033322649791546394e-01 2.064964039671896359e-02 4.868294745404964268e-05 8.759694116766727490e-01
5.355355355355355673e-01 1.033322649780467062e-01 2.064964039649862249e-02 4.868294745412346330e-05 8.759694116780009088e-01
5.365365365365365458e-01 1.033322649769517348e-01 2.064964039628086265e-02 4.868294745419641655e-05 8.759694116793135255e-01
5.375375375375375242e-01 1.033322649758699890e-01 2.064964039606572918e-02 4.868294745426848889e-05 8.759694116806103770e-01
5.385385385385385026e-01 1.033322649748017047e-01 2.064964039585327760e-02 4.868294745433965999e-05 8.759694116818910192e-01
5.395395395395394811e-01 1.033322649737471316e-01 2.064964039564354953e-02 4.868294745440992306e-05 8.759694116831552302e-01
5.405405405405405705e-01 1.033322649727065196e-01 2.064964039543660049e-02 4.868294745447925101e-05 8.759694116844027878e-01
5.415415415415415490e-01 1.033322649716801184e-01 2.064964039523247558e-02 4.868294745454763707e-05 8.759694116856332480e-01
5.425425425425425274e-01 1.033322649706681640e-01 2.064964039503122337e-02 4.868294745461505411e-05 8.759694116868463887e-01
5.435435435435435059e-01 1.033322649696709061e-01 2.064964039483289590e-02 4.868294745468150215e-05 8.759694116880418768e-01
5.445445445445444843e-01 1.033322649686885947e-01 2.064964039463753828e-02 4.868294745474694731e-05 8.759694116892194904e-01
5.455455455455455738e-01 1.033322649677214794e-01 2.064964039444520602e-02 4.868294745481138280e-05 8.759694116903788963e-01
5.465465465465465522e-01 1.033322649667697962e-01 2.064964039425594075e-02 4.868294745487478830e-05 8.759694116915197615e-01
5.475475475475475307e-01 1.033322649658337949e-01 2.064964039406979451e-02 4.868294745493714347e-05 8.759694116926418639e-01
5.485485485485485091e-01 1.033322649649137392e-01 2.064964039388681935e-02 4.868294745499844833e-05 8.759694116937448705e-01
5.495495495495495986e-01 1.033322649640098512e-01 2.064964039370706037e-02 4.868294745505866898e-05 8.759694116948284481e-01
5.505505505505505770e-01 1.033322649631223805e-01 2.064964039353056613e-02 4.868294745511779188e-05 8.759694116958922638e-01
5.515515515515515554e-01 1.033322649622515910e-01 2.064964039335738868e-02 4.868294745517581025e-05 8.759694116969362065e-01
5.525525525525525339e-01 1.033322649613977184e-01 2.064964039318757660e-02 4.868294745523269699e-05 8.759694116979598322e-01
5.535535535535535123e-01 1.033322649605610127e-01 2.064964039302117499e-02 4.868294745528844531e-05 8.759694116989629187e-01
5.545545545545546018e-01 1.033322649597417098e-01 2.064964039285823935e-02 4.868294745534303489e-05 8.759694116999451330e-01
5.555555555555555802e-01 1.033322649589400732e-01 2.064964039269881479e-02 4.868294745539643862e-05 8.759694117009061420e-01
5.565565565565565587e-01 1.033322649581563252e-01 2.064964039254294989e-02 4.868294745544865651e-05 8.759694117018456128e-01
5.575575575575575371e-01 1.033322649573907431e-01 2.064964039239069321e-02 4.868294745549966144e-05 8.759694117027634341e-01
5.585585585585585155e-01 1.033322649566435492e-01 2.064964039224209680e-02 4.868294745554944665e-05 8.759694117036591621e-01
5.595595595595596050e-01 1.033322649559150069e-01 2.064964039209720922e-02 4.868294745559798503e-05 8.759694117045325745e-01
5.605605605605605835e-01 1.033322649552053524e-01 2.064964039195607559e-02 4.868294745564526979e-05 8.759694117053833384e-01
5.615615615615615619e-01 1.033322649545148214e-01 2.064964039181874794e-02 4.868294745569127385e-05 8.759694117062111207e-01
5.625625625625625403e-01 1.033322649538436916e-01 2.064964039168527832e-02 4.868294745573599041e-05 8.759694117070156993e-01
5.635635635635635188e-01 1.033322649531921850e-01 2.064964039155570835e-02 4.868294745577939238e-05 8.759694117077967412e-01
5.645645645645646082e-01 1.033322649525605513e-01 2.064964039143009356e-02 4.868294745582147298e-05 8.759694117085539133e-01
5.655655655655655867e-01 1.033322649519490405e-01 2.064964039130848250e-02 4.868294745586221865e-05 8.759694117092869936e-01
5.665665665665665651e-01 1.033322649513579022e-01 2.064964039119092029e-02 4.868294745590160229e-05 8.759694117099956490e-01
5.675675675675675436e-01 1.033322649507873725e-01 2.064964039107745550e-02 4.868294745593961035e-05 8.759694117106795463e-01
5.685685685685685220e-01 1.033322649502377150e-01 2.064964039096814363e-02 4.868294745597623606e-05 8.759694117113385747e-01
5.695695695695696115e-01 1.033322649497091655e-01 2.064964039086302980e-02 4.868294745601145230e-05 8.759694117119721790e-01
5.705705705705705899e-01 1.033322649492019601e-01 2.064964039076215910e-02 4.868294745604523875e-05 8.759694117125802482e-01
5.715715715715715683e-01 1.033322649487163625e-01 2.064964039066558704e-02 4.868294745607759541e-05 8.759694117131623381e-01
5.725725725725725468e-01 1.033322649482526223e-01 2.064964039057336220e-02 4.868294745610848840e-05 8.759694117137182268e-01
5.735735735735735252e-01 1.033322649478109756e-01 2.064964039048552621e-02 4.868294745613791771e-05 8.759694117142476921e-01
5.745745745745746147e-01 1.033322649473916582e-01 2.064964039040213806e-02 4.868294745616584947e-05 8.759694117147504011e-01
5.755755755755755931e-01 1.033322649469949339e-01 2.064964039032323936e-02 4.868294745619228367e-05 8.759694117152260207e-01
5.765765765765765716e-01 1.033322649466210524e-01 2.064964039024888565e-02 4.868294745621719322e-05 8.759694117156742177e-01
5.775775775775775500e-01 1.033322649462702497e-01 2.064964039017911854e-02 4.868294745624056455e-05 8.759694117160947702e-01
5.785785785785785285e-01 1.033322649459427756e-01 2.064964039011399008e-02 4.868294745626238412e-05 8.759694117164873450e-01
5.795795795795796179e-01 1.033322649456388659e-01 2.064964039005355231e-02 4.868294745628263159e-05 8.759694117168517202e-01
5.805805805805805964e-01 1.033322649453587844e-01 2.064964038999785381e-02 4.868294745630129342e-05 8.759694117171874517e-01
5.815815815815815748e-01 1.033322649451027669e-01 2.064964038994693621e-02 4.868294745631834928e-05 8.759694117174943173e-01
5.825825825825825532e-01 1.033322649448710773e-01 2.064964038990085848e-02 4.868294745633378561e-05 8.759694117177720951e-01
5.835835835835835317e-01 1.033322649446639374e-01 2.064964038985966574e-02 4.868294745634758886e-05 8.759694117180204520e-01
5.845845845845846211e-01 1.033322649444815972e-01 2.064964038982340308e-02 4.868294745635973192e-05 8.759694117182390549e-01
5.855855855855855996e-01 1.033322649443243202e-01 2.064964038979212602e-02 4.868294745637021480e-05 8.759694117184275708e-01
5.865865865865865780e-01 1.033322649441923424e-01 2.064964038976587618e-02 4.868294745637900361e-05 8.759694117185857776e-01
5.875875875875875565e-01 1.033322649440859137e-01 2.064964038974471255e-02 4.868294745638609836e-05 8.759694117187133422e-01
5.885885885885885349e-01 1.033322649440052698e-01 2.064964038972867330e-02 4.868294745639147194e-05 8.759694117188100426e-01
5.895895895895896244e-01 1.033322649439506746e-01 2.064964038971781740e-02 4.868294745639510402e-05 8.759694117188754348e-01
5.905905905905906028e-01 1.033322649439223639e-01 2.064964038971218649e-02 4.868294745639699459e-05 8.759694117189094076e-01
5.915915915915915813e-01 1.033322649439205876e-01 2.064964038971183261e-02 4.868294745639710979e-05 8.759694117189115170e-01
5.925925925925925597e-01 1.033322649439455954e-01 2.064964038971680432e-02 4.868294745639544283e-05 8.759694117188815410e-01
5.935935935935935381e-01 1.033322649439976232e-01 2.064964038972715021e-02 4.868294745639198016e-05 8.759694117188192575e-01
5.945945945945946276e-01 1.033322649440769209e-01 2.064964038974292232e-02 4.868294745638669467e-05 8.759694117187241114e-01
5.955955955955956060e-01 1.033322649441837382e-01 2.064964038976416574e-02 4.868294745637957960e-05 8.759694117185961026e-01
5.965965965965965845e-01 1.033322649443183250e-01 2.064964038979093253e-02 4.868294745637061460e-05 8.759694117184347872e-01
5.975975975975975629e-01 1.033322649444809171e-01 2.064964038982326777e-02 4.868294745635977935e-05 8.759694117182398321e-01
5.985985985985985414e-01 1.033322649446717784e-01 2.064964038986122352e-02 4.868294745634706031e-05 8.759694117180110151e-01
5.995995995995996308e-01 1.033322649448911446e-01 2.064964038990484835e-02 4.868294745633245068e-05 8.759694117177480033e-01
6.006006006006006093e-01 1.033322649451392516e-01 2.064964038995419429e-02 4.868294745631591660e-05 8.759694117174505745e-01
6.016016016016015877e-01 1.033322649454163633e-01 2.064964039000930299e-02 4.868294745629745128e-05 8.759694117171183958e-01
6.026026026026025662e-01 1.033322649457227294e-01 2.064964039007022994e-02 4.868294745627704118e-05 8.759694117167511340e-01
6.036036036036035446e-01 1.033322649460585857e-01 2.064964039013702027e-02 4.868294745625466595e-05 8.759694117163485672e-01
6.046046046046046341e-01 1.033322649464241683e-01 2.064964039020972600e-02 4.868294745623031206e-05 8.759694117159102511e-01
6.056056056056056125e-01 1.033322649468197407e-01 2.064964039028839571e-02 4.868294745620395240e-05 8.759694117154360749e-01
6.066066066066065909e-01 1.033322649472455529e-01 2.064964039037307797e-02 4.868294745617558696e-05 8.759694117149255943e-01
6.076076076076075694e-01 1.033322649477018268e-01 2.064964039046382135e-02 4.868294745614518186e-05 8.759694117143785874e-01
6.086086086086086588e-01 1.033322649481888400e-01 2.064964039056067444e-02 4.868294745611273711e-05 8.759694117137947211e-01
6.096096096096096373e-01 1.033322649487068146e-01 2.064964039066368579e-02 4.868294745607822560e-05 8.759694117131737734e-01
6.106106106106106157e-01 1.033322649492560141e-01 2.064964039077290744e-02 4.868294745604163378e-05 8.759694117125154111e-01
6.116116116116115942e-01 1.033322649498366747e-01 2.064964039088838452e-02 4.868294745600294809e-05 8.759694117118193013e-01
6.126126126126125726e-01 1.033322649504490459e-01 2.064964039101016904e-02 4.868294745596214821e-05 8.759694117110852218e-01
6.136136136136136621e-01 1.033322649510933777e-01 2.064964039113830960e-02 4.868294745591922058e-05 8.759694117103127287e-01
6.146146146146146405e-01 1.033322649517699060e-01 2.064964039127285475e-02 4.868294745587414487e-05 8.759694117095017107e-01
6.156156156156156189e-01 1.033322649524788805e-01 2.064964039141384960e-02 4.868294745582691432e-05 8.759694117086518350e-01
6.166166166166165974e-01 1.033322649532205650e-01 2.064964039156135314e-02 4.868294745577749503e-05 8.759694117077626574e-01
6.176176176176175758e-01 1.033322649539951815e-01 2.064964039171540353e-02 4.868294745572588700e-05 8.759694117068340669e-01
6.186186186186186653e-01 1.033322649548029937e-01 2.064964039187605627e-02 4.868294745567206992e-05 8.759694117058656193e-01
6.196196196196196437e-01 1.033322649556442513e-01 2.064964039204335994e-02 4.868294745561601666e-05 8.759694117048572037e-01
6.206206206206206222e-01 1.033322649565191764e-01 2.064964039221735964e-02 4.868294745555772724e-05 8.759694117038082650e-01
6.216216216216216006e-01 1.033322649574280466e-01 2.064964039239810742e-02 4.868294745549717455e-05 8.759694117027186921e-01
6.226226226226225791e-01 1.033322649583710839e-01 2.064964039258565531e-02 4.868294745543434504e-05 8.759694117015881520e-01
6.236236236236236685e-01 1.033322649593485382e-01 2.064964039278004496e-02 4.868294745536921837e-05 8.759694117004164227e-01
6.246246246246246470e-01 1.033322649603606730e-01 2.064964039298133186e-02 4.868294745530178777e-05 8.759694116992030599e-01
6.256256256256256254e-01 1.033322649614077243e-01 2.064964039318956113e-02 4.868294745523202614e-05 8.759694116979478418e-01
6.266266266266266038e-01 1.033322649624899281e-01 2.064964039340478480e-02 4.868294745515992669e-05 8.759694116966505462e-01
6.276276276276275823e-01 1.033322649636075480e-01 2.064964039362704798e-02 4.868294745508546233e-05 8.759694116953107290e-01
6.286286286286286717e-01 1.033322649647608199e-01 2.064964039385640618e-02 4.868294745500862628e-05 8.759694116939281683e-01
6.296296296296296502e-01 1.033322649659499937e-01 2.064964039409290103e-02 4.868294745492939820e-05 8.759694116925025309e-01
6.306306306306306286e-01 1.033322649671753191e-01 2.064964039433658458e-02 4.868294745484775778e-05 8.759694116910335948e-01
6.316316316316316071e-01 1.033322649684370459e-01 2.064964039458750886e-02 4.868294745476369823e-05 8.759694116895210270e-01
6.326326326326325855e-01 1.033322649697354101e-01 2.064964039484571898e-02 4.868294745467719245e-05 8.759694116879646053e-01
6.336336336336336750e-01 1.033322649710706476e-01 2.064964039511126351e-02 4.868294745458823366e-05 8.759694116863638857e-01
6.346346346346346534e-01 1.033322649591538051e-01 2.064964039274131899e-02 4.868294745538219491e-05 8.759694117006499026e-01
6.356356356356356319e-01 1.033322649594789339e-01 2.064964039280597907e-02 4.868294745536053120e-05 8.759694117002601033e-01
6.366366366366366103e-01 1.033322649598011483e-01 2.064964039287005976e-02 4.868294745533906400e-05 8.759694116998738567e-01
6.376376376376375887e-01 1.033322649601204346e-01 2.064964039293355758e-02 4.868294745531779330e-05 8.759694116994910518e-01
6.386386386386386782e-01 1.033322649604367927e-01 2.064964039299647253e-02 4.868294745529671235e-05 8.759694116991117996e-01
6.396396396396396566e-01 1.033322649607502225e-01 2.064964039305880461e-02 4.868294745527583468e-05 8.759694116987361001e-01
6.406406406406406351e-01 1.033322649610607241e-01 2.064964039312055383e-02 4.868294745525514675e-05 8.759694116983638423e-01
6.416416416416416135e-01 1.033322649613682975e-01 2.064964039318172018e-02 4.868294745523465533e-05 8.759694116979951373e-01
6.426426426426425920e-01 1.033322649616729288e-01 2.064964039324230713e-02 4.868294745521435364e-05 8.759694116976298739e-01
6.436436436436436814e-01 1.033322649619746458e-01 2.064964039330231121e-02 4.868294745519425524e-05 8.759694116972682743e-01
6.446446446446446599e-01 1.033322649622734346e-01 2.064964039336173243e-02 4.868294745517434658e-05 8.759694116969100053e-01
6.456456456456456383e-01 1.033322649625692952e-01 2.064964039342057078e-02 4.868294745515463443e-05 8.759694116965554000e-01
6.466466466466466168e-01 1.033322649628622275e-01 2.064964039347882627e-02 4.868294745513511879e-05 8.759694116962042365e-01
6.476476476476475952e-01 1.033322649631522316e-01 2.064964039353649888e-02 4.868294745511579966e-05 8.759694116958565147e-01
6.486486486486486847e-01 1.033322649634393076e-01 2.064964039359359210e-02 4.868294745509667027e-05 8.759694116955123455e-01
6.496496496496496631e-01 1.033322649637234414e-01 2.064964039365009899e-02 4.868294745507773739e-05 8.759694116951717291e-01
6.506506506506506415e-01 1.033322649640046609e-01 2.064964039370602647e-02 4.868294745505900102e-05 8.759694116948346654e-01
6.516516516516516200e-01 1.033322649642829522e-01 2.064964039376137109e-02 4.868294745504046116e-05 8.759694116945010434e-01
6.526526526526525984e-01 1.033322649645583152e-01 2.064964039381613284e-02 4.868294745502211782e-05 8.759694116941708630e-01
6.536536536536536879e-01 1.033322649648307501e-01 2.064964039387031172e-02 4.868294745500396421e-05 8.759694116938443464e-01
6.546546546546546663e-01 1.033322649651002567e-01 2.064964039392391121e-02 4.868294745498600711e-05 8.759694116935212715e-01
6.556556556556556448e-01 1.033322649653668213e-01 2.064964039397692436e-02 4.868294745496824652e-05 8.759694116932016383e-01
6.566566566566566232e-01 1.033322649656304715e-01 2.064964039402935811e-02 4.868294745495068245e-05 8.759694116928855578e-01
6.576576576576576016e-01 1.033322649658911935e-01 2.064964039408120899e-02 4.868294745493331488e-05 8.759694116925730301e-01
6.586586586586586911e-01 1.033322649661489873e-01 2.064964039413247701e-02 4.868294745491613706e-05 8.759694116922640550e-01
6.596596596596596696e-01 1.033322649664038528e-01 2.064964039418316216e-02 4.868294745489915574e-05 8.759694116919585216e-01
6.606606606606606480e-01 1.033322649666557902e-01 2.064964039423326445e-02 4.868294745488237094e-05 8.759694116916564299e-01
6.616616616616616264e-01 1.033322649669047855e-01 2.064964039428278386e-02 4.868294745486578264e-05 8.759694116913578910e-01
6.626626626626626049e-01 1.033322649671508664e-01 2.064964039433172388e-02 4.868294745484938408e-05 8.759694116910629047e-01
6.636636636636636943e-01 1.033322649673940191e-01 2.064964039438008103e-02 4.868294745483318881e-05 8.759694116907714712e-01
6.646646646646646728e-01 1.033322649676342436e-01 2.064964039442785185e-02 4.868294745481718328e-05 8.759694116904834793e-01
6.656656656656656512e-01 1.033322649678715399e-01 2.064964039447504673e-02 4.868294745480137426e-05 8.759694116901990402e-01
6.666666666666666297e-01 1.033322649681058941e-01 2.064964039452165528e-02 4.868294745478575497e-05 8.759694116899180427e-01
6.676676676676676081e-01 1.033322649683373340e-01 2.064964039456768097e-02 4.868294745477033897e-05 8.759694116896405980e-01
6.686686686686686976e-01 1.033322649685658456e-01 2.064964039461312378e-02 4.868294745475511271e-05 8.759694116893667060e-01
6.696696696696696760e-01 1.033322649687914291e-01 2.064964039465798720e-02 4.868294745474008295e-05 8.759694116890962556e-01
6.706706706706706544e-01 1.033322649690140843e-01 2.064964039470226775e-02 4.868294745472524971e-05 8.759694116888293580e-01
6.716716716716716329e-01 1.033322649692338113e-01 2.064964039474596544e-02 4.868294745471060621e-05 8.759694116885659021e-01
6.726726726726726113e-01 1.033322649694505962e-01 2.064964039478908026e-02 4.868294745469616599e-05 8.759694116883059989e-01
6.736736736736737008e-01 1.033322649696644668e-01 2.064964039483161221e-02 4.868294745468191551e-05 8.759694116880496484e-01
6.746746746746746792e-01 1.033322649698754092e-01 2.064964039487356129e-02 4.868294745466786154e-05 8.759694116877967396e-01
6.756756756756756577e-01 1.033322649700834234e-01 2.064964039491493097e-02 4.868294745465400408e-05 8.759694116875473835e-01
6.766766766766766361e-01 1.033322649702885093e-01 2.064964039495571779e-02 4.868294745464033635e-05 8.759694116873015801e-01
6.776776776776777256e-01 1.033322649704906532e-01 2.064964039499591827e-02 4.868294745462687192e-05 8.759694116870592184e-01
6.786786786786787040e-01 1.033322649706898827e-01 2.064964039503553936e-02 4.868294745461359722e-05 8.759694116868202984e-01
6.796796796796796825e-01 1.033322649708861840e-01 2.064964039507457758e-02 4.868294745460051903e-05 8.759694116865850422e-01
6.806806806806806609e-01 1.033322649710795571e-01 2.064964039511303640e-02 4.868294745458763735e-05 8.759694116863532276e-01
6.816816816816816393e-01 1.033322649712700020e-01 2.064964039515090888e-02 4.868294745457494541e-05 8.759694116861248547e-01
6.826826826826827288e-01 1.033322649714575048e-01 2.064964039518820196e-02 4.868294745456245676e-05 8.759694116859001456e-01
6.836836836836837072e-01 1.033322649716420932e-01 2.064964039522490871e-02 4.868294745455015784e-05 8.759694116856788781e-01
6.846846846846846857e-01 1.033322649718237535e-01 2.064964039526103606e-02 4.868294745453805543e-05 8.759694116854610524e-01
6.856856856856856641e-01 1.033322649720024855e-01 2.064964039529658055e-02 4.868294745452614276e-05 8.759694116852467793e-01
6.866866866866866426e-01 1.033322649721782754e-01 2.064964039533154563e-02 4.868294745451443338e-05 8.759694116850360590e-01
6.876876876876877320e-01 1.033322649723511510e-01 2.064964039536592438e-02 4.868294745450291373e-05 8.759694116848287804e-01
6.886886886886887105e-01 1.033322649725210984e-01 2.064964039539972027e-02 4.868294745449159059e-05 8.759694116846250544e-01
6.896896896896896889e-01 1.033322649726881176e-01 2.064964039543293675e-02 4.868294745448046397e-05 8.759694116844248812e-01
6.906906906906906674e-01 1.033322649728522086e-01 2.064964039546557037e-02 4.868294745446953385e-05 8.759694116842281497e-01
6.916916916916916458e-01 1.033322649730133574e-01 2.064964039549762112e-02 4.868294745445879348e-05 8.759694116840349709e-01
6.926926926926927353e-01 1.033322649731715920e-01 2.064964039552908900e-02 4.868294745444824961e-05 8.759694116838452338e-01
6.936936936936937137e-01 1.033322649733268983e-01 2.064964039555997402e-02 4.868294745443790225e-05 8.759694116836590494e-01
6.946946946946946921e-01 1.033322649734792764e-01 2.064964039559027617e-02 4.868294745442775141e-05 8.759694116834764177e-01
6.956956956956956706e-01 1.033322649736287124e-01 2.064964039561999892e-02 4.868294745441779708e-05 8.759694116832972277e-01
6.966966966966966490e-01 1.033322649737752341e-01 2.064964039564913534e-02 4.868294745440803248e-05 8.759694116831215904e-01
6.976976976976977385e-01 1.033322649739188276e-01 2.064964039567769236e-02 4.868294745439846440e-05 8.759694116829495059e-01
6.986986986986987169e-01 1.033322649740594928e-01 2.064964039570566651e-02 4.868294745438909283e-05 8.759694116827808630e-01
6.996996996996996954e-01 1.033322649741972160e-01 2.064964039573305779e-02 4.868294745437991777e-05 8.759694116826157728e-01
7.007007007007006738e-01 1.033322649743320248e-01 2.064964039575986968e-02 4.868294745437093922e-05 8.759694116824541243e-01
7.017017017017016522e-01 1.033322649744639055e-01 2.064964039578609523e-02 4.868294745436215040e-05 8.759694116822960286e-01
7.027027027027027417e-01 1.033322649745928579e-01 2.064964039581174138e-02 4.868294745435355810e-05 8.759694116821414855e-01
7.037037037037037202e-01 1.033322649747188682e-01 2.064964039583680119e-02 4.868294745434516231e-05 8.759694116819903842e-01
7.047047047047046986e-01 1.033322649748419642e-01 2.064964039586128161e-02 4.868294745433696303e-05 8.759694116818428355e-01
7.057057057057056770e-01 1.033322649749621319e-01 2.064964039588517916e-02 4.868294745432895349e-05 8.759694116816987286e-01
7.067067067067066555e-01 1.033322649750793715e-01 2.064964039590849385e-02 4.868294745432114723e-05 8.759694116815581744e-01
7.077077077077077449e-01 1.033322649751936689e-01 2.064964039593122913e-02 4.868294745431353071e-05 8.759694116814211728e-01
7.087087087087087234e-01 1.033322649753050521e-01 2.064964039595337808e-02 4.868294745430611070e-05 8.759694116812876130e-01
7.097097097097097018e-01 1.033322649754135070e-01 2.064964039597494763e-02 4.868294745429888043e-05 8.759694116811576059e-01
7.107107107107106803e-01 1.033322649755190337e-01 2.064964039599593085e-02 4.868294745429185345e-05 8.759694116810311515e-01
7.117117117117116587e-01 1.033322649756216183e-01 2.064964039601633466e-02 4.868294745428501620e-05 8.759694116809081388e-01
7.127127127127127482e-01 1.033322649757212885e-01 2.064964039603615562e-02 4.868294745427837546e-05 8.759694116807886788e-01
7.137137137137137266e-01 1.033322649758180306e-01 2.064964039605539717e-02 4.868294745427193123e-05 8.759694116806726605e-01
7.147147147147147050e-01 1.033322649759118445e-01 2.064964039607405238e-02 4.868294745426568352e-05 8.759694116805601949e-01
7.157157157157156835e-01 1.033322649760027162e-01 2.064964039609212473e-02 4.868294745425962554e-05 8.759694116804512820e-01
7.167167167167166619e-01 1.033322649760906736e-01 2.064964039610961768e-02 4.868294745425376407e-05 8.759694116803458108e-01
7.177177177177177514e-01 1.033322649761757028e-01 2.064964039612652777e-02 4.868294745424809911e-05 8.759694116802438923e-01
7.187187187187187298e-01 1.033322649762578038e-01 2.064964039614285499e-02 4.868294745424263067e-05 8.759694116801455266e-01
7.197197197197197083e-01 1.033322649763369627e-01 2.064964039615859934e-02 4.868294745423735873e-05 8.759694116800506025e-01
7.207207207207206867e-01 1.033322649764132073e-01 2.064964039617376082e-02 4.868294745423227654e-05 8.759694116799592312e-01
7.217217217217216652e-01 1.033322649764865236e-01 2.064964039618834291e-02 4.868294745422739085e-05 8.759694116798713015e-01
7.227227227227227546e-01 1.033322649765568979e-01 2.064964039620233865e-02 4.868294745422270168e-05 8.759694116797869246e-01
7.237237237237237331e-01 1.033322649766243578e-01 2.064964039621575501e-02 4.868294745421820901e-05 8.759694116797061003e-01
7.247247247247247115e-01 1.033322649766888895e-01 2.064964039622858849e-02 4.868294745421391286e-05 8.759694116796287178e-01
7.257257257257256899e-01 1.033322649767504930e-01 2.064964039624083911e-02 4.868294745420980645e-05 8.759694116795548879e-01
7.267267267267266684e-01 1.033322649768091545e-01 2.064964039625250686e-02 4.868294745420589654e-05 8.759694116794844998e-01
7.277277277277277578e-01 1.033322649768649015e-01 2.064964039626359174e-02 4.868294745420218315e-05 8.759694116794176644e-01
7.287287287287287363e-01 1.033322649769177204e-01 2.064964039627409723e-02 4.868294745419866627e-05 8.759694116793543817e-01
7.297297297297297147e-01 1.033322649769675972e-01 2.064964039628401637e-02 4.868294745419533912e-05 8.759694116792945406e-01
7.307307307307306932e-01 1.033322649770145596e-01 2.064964039629335613e-02 4.868294745419221527e-05 8.759694116792382523e-01
7.317317317317316716e-01 1.033322649770585938e-01 2.064964039630211301e-02 4.868294745418928114e-05 8.759694116791855167e-01
7.327327327327327611e-01 1.033322649770996998e-01 2.064964039631028703e-02 4.868294745418654353e-05 8.759694116791362228e-01
7.337337337337337395e-01 1.033322649771378637e-01 2.064964039631787818e-02 4.868294745418399566e-05 8.759694116790904816e-01
7.347347347347347180e-01 1.033322649771731133e-01 2.064964039632488993e-02 4.868294745418165107e-05 8.759694116790481822e-01
7.357357357357356964e-01 1.033322649772054347e-01 2.064964039633131535e-02 4.868294745417949622e-05 8.759694116790094354e-01
7.367367367367367859e-01 1.033322649772348140e-01 2.064964039633716136e-02 4.868294745417753788e-05 8.759694116789742413e-01
7.377377377377377643e-01 1.033322649772612789e-01 2.064964039634242451e-02 4.868294745417577605e-05 8.759694116789424889e-01
7.387387387387387427e-01 1.033322649772848156e-01 2.064964039634710480e-02 4.868294745417420396e-05 8.759694116789142893e-01
7.397397397397397212e-01 1.033322649773054103e-01 2.064964039635120222e-02 4.868294745417283515e-05 8.759694116788896423e-01
7.407407407407406996e-01 1.033322649773230906e-01 2.064964039635471676e-02 4.868294745417165608e-05 8.759694116788684370e-01
7.417417417417417891e-01 1.033322649773378427e-01 2.064964039635764845e-02 4.868294745417067352e-05 8.759694116788506735e-01
7.427427427427427675e-01 1.033322649773496527e-01 2.064964039636000073e-02 4.868294745416988748e-05 8.759694116788365736e-01
7.437437437437437460e-01 1.033322649773585483e-01 2.064964039636177015e-02 4.868294745416929117e-05 8.759694116788259155e-01
7.447447447447447244e-01 1.033322649773645158e-01 2.064964039636295323e-02 4.868294745416889814e-05 8.759694116788186991e-01
7.457457457457457028e-01 1.033322649773675550e-01 2.064964039636355692e-02 4.868294745416869486e-05 8.759694116788151463e-01
7.467467467467467923e-01 1.033322649773676521e-01 2.064964039636358120e-02 4.868294745416868808e-05 8.759694116788150353e-01
7.477477477477477708e-01 1.033322649773648350e-01 2.064964039636301915e-02 4.868294745416887781e-05 8.759694116788183660e-01
7.487487487487487492e-01 1.033322649773590896e-01 2.064964039636187423e-02 4.868294745416925729e-05 8.759694116788252494e-01
7.497497497497497276e-01 1.033322649773504021e-01 2.064964039636014992e-02 4.868294745416984004e-05 8.759694116788356855e-01
7.507507507507507061e-01 1.033322649773388002e-01 2.064964039635784274e-02 4.868294745417061254e-05 8.759694116788495633e-01
7.517517517517517955e-01 1.033322649773242702e-01 2.064964039635495269e-02 4.868294745417158154e-05 8.759694116788669938e-01
7.527527527527527740e-01 1.033322649773067980e-01 2.064964039635147977e-02 4.868294745417274028e-05 8.759694116788879770e-01
7.537537537537537524e-01 1.033322649777564384e-01 2.064964039644090130e-02 4.868294745414278242e-05 8.759694116783488527e-01
7.547547547547547309e-01 1.033322649783216113e-01 2.064964039655329750e-02 4.868294745410512673e-05 8.759694116776713946e-01
7.557557557557557093e-01 1.033322649788853409e-01 2.064964039666540921e-02 4.868294745406756590e-05 8.759694116769954908e-01
7.567567567567567988e-01 1.033322649794476411e-01 2.064964039677723642e-02 4.868294745403010671e-05 8.759694116763214744e-01
7.577577577577577772e-01 1.033322649800085119e-01 2.064964039688877567e-02 4.868294745399273562e-05 8.759694116756491233e-01
7.587587587587587556e-01 1.033322649805679394e-01 2.064964039700003043e-02 4.868294745395546617e-05 8.759694116749784376e-01
7.597597597597597341e-01 1.033322649811259236e-01 2.064964039711100069e-02 4.868294745391828481e-05 8.759694116743095282e-01
7.607607607607607125e-01 1.033322649816824784e-01 2.064964039722168646e-02 4.868294745388120510e-05 8.759694116736422842e-01
7.617617617617618020e-01 1.033322649822376038e-01 2.064964039733208426e-02 4.868294745384422025e-05 8.759694116729768165e-01
7.627627627627627804e-01 1.033322649827912859e-01 2.064964039744219756e-02 4.868294745380733027e-05 8.759694116723131252e-01
7.637637637637637589e-01 1.033322649833435386e-01 2.064964039755202291e-02 4.868294745377054194e-05 8.759694116716509882e-01
7.647647647647647373e-01 1.033322649838943480e-01 2.064964039766156376e-02 4.868294745373384169e-05 8.759694116709907385e-01
7.657657657657657158e-01 1.033322649844437280e-01 2.064964039777082011e-02 4.868294745369723632e-05 8.759694116703321543e-01
7.667667667667668052e-01 1.033322649849916647e-01 2.064964039787979197e-02 4.868294745366073258e-05 8.759694116696752353e-01
7.677677677677677837e-01 1.033322649855381720e-01 2.064964039798847587e-02 4.868294745362431694e-05 8.759694116690200927e-01
7.687687687687687621e-01 1.033322649860832360e-01 2.064964039809687527e-02 4.868294745358800295e-05 8.759694116683667264e-01
7.697697697697697405e-01 1.033322649866268705e-01 2.064964039820499017e-02 4.868294745355178382e-05 8.759694116677149145e-01
7.707707707707707190e-01 1.033322649871690618e-01 2.064964039831281711e-02 4.868294745351565956e-05 8.759694116670649899e-01
7.717717717717718084e-01 1.033322649877098237e-01 2.064964039842035956e-02 4.868294745347963016e-05 8.759694116664167307e-01
7.727727727727727869e-01 1.033322649882491562e-01 2.064964039852761751e-02 4.868294745344370241e-05 8.759694116657701368e-01
7.737737737737737653e-01 1.033322649887870454e-01 2.064964039863459097e-02 4.868294745340786276e-05 8.759694116651253193e-01
7.747747747747747438e-01 1.033322649893234912e-01 2.064964039874127646e-02 4.868294745337211797e-05 8.759694116644822781e-01
7.757757757757757222e-01 1.033322649898585077e-01 2.064964039884767746e-02 4.868294745333647482e-05 8.759694116638409023e-01
7.767767767767768117e-01 1.033322649903920948e-01 2.064964039895379050e-02 4.868294745330092654e-05 8.759694116632011918e-01
7.777777777777777901e-01 1.033322649909242386e-01 2.064964039905962251e-02 4.868294745326547313e-05 8.759694116625632576e-01
7.787787787787787686e-01 1.033322649914549390e-01 2.064964039916516655e-02 4.868294745323011459e-05 8.759694116619269888e-01
7.797797797797797470e-01 1.033322649919842240e-01 2.064964039927042264e-02 4.868294745319485091e-05 8.759694116612924963e-01
7.807807807807807254e-01 1.033322649925120518e-01 2.064964039937539769e-02 4.868294745315968210e-05 8.759694116606597802e-01
7.817817817817818149e-01 1.033322649930384640e-01 2.064964039948008478e-02 4.868294745312460816e-05 8.759694116600287295e-01
7.827827827827827933e-01 1.033322649935634191e-01 2.064964039958448391e-02 4.868294745308963587e-05 8.759694116593993440e-01
7.837837837837837718e-01 1.033322649940869586e-01 2.064964039968860202e-02 4.868294745305475166e-05 8.759694116587717350e-01
7.847847847847847502e-01 1.033322649946090549e-01 2.064964039979243215e-02 4.868294745301996910e-05 8.759694116581459022e-01
7.857857857857857287e-01 1.033322649951297079e-01 2.064964039989597780e-02 4.868294745298528141e-05 8.759694116575217349e-01
7.867867867867868181e-01 1.033322649956489314e-01 2.064964039999923548e-02 4.868294745295068181e-05 8.759694116568992328e-01
7.877877877877877966e-01 1.033322649961667117e-01 2.064964040010220866e-02 4.868294745291618385e-05 8.759694116562785071e-01
7.887887887887887750e-01 1.033322649966830625e-01 2.064964040020489736e-02 4.868294745288178753e-05 8.759694116556595578e-01
7.897897897897897534e-01 1.033322649971979840e-01 2.064964040030730155e-02 4.868294745284747931e-05 8.759694116550422738e-01
7.907907907907907319e-01 1.033322649977114621e-01 2.064964040040941778e-02 4.868294745281326596e-05 8.759694116544266551e-01
7.917917917917918214e-01 1.033322649982235109e-01 2.064964040051124952e-02 4.868294745277915425e-05 8.759694116538128128e-01
7.927927927927927998e-01 1.033322649987341163e-01 2.064964040061279676e-02 4.868294745274513063e-05 8.759694116532007468e-01
7.937937937937937782e-01 1.033322649992432785e-01 2.064964040071405604e-02 4.868294745271120865e-05 8.759694116525903462e-01
7.947947947947947567e-01 1.033322649997510251e-01 2.064964040081503083e-02 4.868294745267738154e-05 8.759694116519816109e-01
7.957957957957957351e-01 1.033322650002573145e-01 2.064964040091572112e-02 4.868294745264364930e-05 8.759694116513746520e-01
7.967967967967968246e-01 1.033322650007621885e-01 2.064964040101612344e-02 4.868294745261001193e-05 8.759694116507694694e-01
7.977977977977978030e-01 1.033322650012656052e-01 2.064964040111624127e-02 4.868294745257646943e-05 8.759694116501659522e-01
7.987987987987987815e-01 1.033322650017676064e-01 2.064964040121607461e-02 4.868294745254302857e-05 8.759694116495642113e-01
7.997997997997997599e-01 1.033322650022681644e-01 2.064964040131562345e-02 4.868294745250967580e-05 8.759694116489641358e-01
8.008008008008007383e-01 1.033322650027672790e-01 2.064964040141488433e-02 4.868294745247642467e-05 8.759694116483657256e-01
8.018018018018018278e-01 1.033322650032649642e-01 2.064964040151386071e-02 4.868294745244326164e-05 8.759694116477690917e-01
8.028028028028028062e-01 1.033322650037612062e-01 2.064964040161254913e-02 4.868294745241020025e-05 8.759694116471742342e-01
8.038038038038037847e-01 1.033322650042560187e-01 2.064964040171095652e-02 4.868294745237723372e-05 8.759694116465810421e-01
8.048048048048047631e-01 1.033322650047494018e-01 2.064964040180907595e-02 4.868294745234436207e-05 8.759694116459895152e-01
8.058058058058058526e-01 1.033322650052413416e-01 2.064964040190690742e-02 4.868294745231158528e-05 8.759694116453997648e-01
8.068068068068068310e-01 1.033322650057318520e-01 2.064964040200445786e-02 4.868294745227890336e-05 8.759694116448117907e-01
8.078078078078078095e-01 1.033322650062209191e-01 2.064964040210172033e-02 4.868294745224632309e-05 8.759694116442254819e-01
8.088088088088087879e-01 1.033322650067085430e-01 2.064964040219869484e-02 4.868294745221383090e-05 8.759694116436409494e-01
8.098098098098097664e-01 1.033322650071947513e-01 2.064964040229538833e-02 4.868294745218144036e-05 8.759694116430580824e-01
8.108108108108108558e-01 1.033322650076795024e-01 2.064964040239179385e-02 4.868294745214914469e-05 8.759694116424768806e-01
8.118118118118118343e-01 1.033322650081628380e-01 2.064964040248791488e-02 4.868294745211693711e-05 8.759694116418975662e-01
8.128128128128128127e-01 1.033322650086447164e-01 2.064964040258374794e-02 4.868294745208483117e-05 8.759694116413198062e-01
8.138138138138137911e-01 1.033322650091251793e-01 2.064964040267929998e-02 4.868294745205282011e-05 8.759694116407438225e-01
8.148148148148147696e-01 1.033322650096041989e-01 2.064964040277456406e-02 4.868294745202091068e-05 8.759694116401696151e-01
8.158158158158158590e-01 1.033322650100817752e-01 2.064964040286954017e-02 4.868294745198908935e-05 8.759694116395970731e-01
8.168168168168168375e-01 1.033322650105579221e-01 2.064964040296423178e-02 4.868294745195736288e-05 8.759694116390263074e-01
8.178178178178178159e-01 1.033322650110326257e-01 2.064964040305863890e-02 4.868294745192573806e-05 8.759694116384572071e-01
8.188188188188187944e-01 1.033322650115058999e-01 2.064964040315276153e-02 4.868294745189420810e-05 8.759694116378897721e-01
8.198198198198197728e-01 1.033322650119777447e-01 2.064964040324659966e-02 4.868294745186276624e-05 8.759694116373242245e-01
8.208208208208208623e-01 1.033322650124481462e-01 2.064964040334014983e-02 4.868294745183142602e-05 8.759694116367602312e-01
8.218218218218218407e-01 1.033322650129171183e-01 2.064964040343341203e-02 4.868294745180018067e-05 8.759694116361980143e-01
8.228228228228228192e-01 1.033322650133846471e-01 2.064964040352639321e-02 4.868294745176903696e-05 8.759694116356375737e-01
8.238238238238237976e-01 1.033322650138507465e-01 2.064964040361908643e-02 4.868294745173798135e-05 8.759694116350787985e-01
8.248248248248247760e-01 1.033322650143154026e-01 2.064964040371149515e-02 4.868294745170702060e-05 8.759694116345217996e-01
8.258258258258258655e-01 1.033322650147786154e-01 2.064964040380361590e-02 4.868294745167616149e-05 8.759694116339664660e-01
8.268268268268268439e-01 1.033322650152404126e-01 2.064964040389545563e-02 4.868294745164539048e-05 8.759694116334129088e-01
8.278278278278278224e-01 1.033322650157007666e-01 2.064964040398700393e-02 4.868294745161472111e-05 8.759694116328610169e-01
8.288288288288288008e-01 1.033322650161596773e-01 2.064964040407827120e-02 4.868294745158414661e-05 8.759694116323109014e-01
8.298298298298297793e-01 1.033322650166171586e-01 2.064964040416925051e-02 4.868294745155366698e-05 8.759694116317624513e-01
8.308308308308308687e-01 1.033322650170731966e-01 2.064964040425994532e-02 4.868294745152328221e-05 8.759694116312156664e-01
8.318318318318318472e-01 1.033322650175278051e-01 2.064964040435035564e-02 4.868294745149299231e-05 8.759694116306707690e-01
8.328328328328328256e-01 1.033322650179809843e-01 2.064964040444048146e-02 4.868294745146279728e-05 8.759694116301274258e-01
8.338338338338338041e-01 1.033322650184327202e-01 2.064964040453031932e-02 4.868294745143270390e-05 8.759694116295859700e-01
8.348348348348347825e-01 1.033322650188830127e-01 2.064964040461986922e-02 4.868294745140269860e-05 8.759694116290460686e-01
8.358358358358358720e-01 1.033322650193318759e-01 2.064964040470913809e-02 4.868294745137279495e-05 8.759694116285080545e-01
8.368368368368368504e-01 1.033322650197793097e-01 2.064964040479811899e-02 4.868294745134298617e-05 8.759694116279715947e-01
8.378378378378378288e-01 1.033322650202253001e-01 2.064964040488681540e-02 4.868294745131327225e-05 8.759694116274369113e-01
8.388388388388388073e-01 1.033322650206698612e-01 2.064964040497522385e-02 4.868294745128365320e-05 8.759694116269040043e-01
8.398398398398397857e-01 1.033322650211129790e-01 2.064964040506335127e-02 4.868294745125412902e-05 8.759694116263727626e-01
8.408408408408408752e-01 1.033322650215546673e-01 2.064964040515119073e-02 4.868294745122469971e-05 8.759694116258432972e-01
8.418418418418418536e-01 1.033322650219949124e-01 2.064964040523874222e-02 4.868294745119537204e-05 8.759694116253154972e-01
8.428428428428428321e-01 1.033322650224337280e-01 2.064964040532601269e-02 4.868294745116613246e-05 8.759694116247894735e-01
8.438438438438438105e-01 1.033322650228711004e-01 2.064964040541299520e-02 4.868294745113699453e-05 8.759694116242651152e-01
8.448448448448447889e-01 1.033322650233070433e-01 2.064964040549968974e-02 4.868294745110795146e-05 8.759694116237425332e-01
8.458458458458458784e-01 1.033322650237415430e-01 2.064964040558610325e-02 4.868294745107899649e-05 8.759694116232216166e-01
8.468468468468468568e-01 1.033322650241746132e-01 2.064964040567222880e-02 4.868294745105014316e-05 8.759694116227024763e-01
8.478478478478478353e-01 1.033322650246062541e-01 2.064964040575806986e-02 4.868294745102139147e-05 8.759694116221850013e-01
8.488488488488488137e-01 1.033322650250364516e-01 2.064964040584362295e-02 4.868294745099272788e-05 8.759694116216693027e-01
8.498498498498497922e-01 1.033322650254652059e-01 2.064964040592889155e-02 4.868294745096415915e-05 8.759694116211552695e-01
8.508508508508508816e-01 1.033322650258925446e-01 2.064964040601387565e-02 4.868294745093569207e-05 8.759694116206430126e-01
8.518518518518518601e-01 1.033322650263184261e-01 2.064964040609857526e-02 4.868294745090731308e-05 8.759694116201325320e-01
8.528528528528528385e-01 1.033322650267428783e-01 2.064964040618298691e-02 4.868294745087903573e-05 8.759694116196236058e-01
8.538538538538538170e-01 1.033322650271659010e-01 2.064964040626711406e-02 4.868294745085085325e-05 8.759694116191165669e-01
8.548548548548547954e-01 1.033322650275874804e-01 2.064964040635095671e-02 4.868294745082275886e-05 8.759694116186110824e-01
8.558558558558558849e-01 1.033322650280076305e-01 2.064964040643451140e-02 4.868294745079477289e-05 8.759694116181074852e-01
8.568568568568568633e-01 1.033322650284263372e-01 2.064964040651778160e-02 4.868294745076687501e-05 8.759694116176055534e-01
8.578578578578578417e-01 1.033322650288436145e-01 2.064964040660076730e-02 4.868294745073907200e-05 8.759694116171052869e-01
8.588588588588588202e-01 1.033322650292594486e-01 2.064964040668346504e-02 4.868294745071136386e-05 8.759694116166067968e-01
8.598598598598597986e-01 1.033322650296738532e-01 2.064964040676587828e-02 4.868294745068375736e-05 8.759694116161099720e-01
8.608608608608608881e-01 1.033322650300868284e-01 2.064964040684800703e-02 4.868294745065623896e-05 8.759694116156149235e-01
8.618618618618618665e-01 1.033322650304983603e-01 2.064964040692985128e-02 4.868294745062882220e-05 8.759694116151215404e-01
8.628628628628628450e-01 1.033322650309084489e-01 2.064964040701140757e-02 4.868294745060150030e-05 8.759694116146299336e-01
8.638638638638638234e-01 1.033322650313171082e-01 2.064964040709267937e-02 4.868294745057427327e-05 8.759694116141399922e-01
8.648648648648649129e-01 1.033322650317243380e-01 2.064964040717366320e-02 4.868294745054714111e-05 8.759694116136518272e-01
8.658658658658658913e-01 1.033322650321301245e-01 2.064964040725436253e-02 4.868294745052010382e-05 8.759694116131654384e-01
8.668668668668668698e-01 1.033322650325344816e-01 2.064964040733477738e-02 4.868294745049316818e-05 8.759694116126806041e-01
8.678678678678678482e-01 1.033322650329373954e-01 2.064964040741490772e-02 4.868294745046632062e-05 8.759694116121976570e-01
8.688688688688688266e-01 1.033322650333388659e-01 2.064964040749475011e-02 4.868294745043957471e-05 8.759694116117163754e-01
8.698698698698699161e-01 1.033322650337389209e-01 2.064964040757430799e-02 4.868294745041291689e-05 8.759694116112367590e-01
8.708708708708708945e-01 1.033322650341375187e-01 2.064964040765358139e-02 4.868294745038636071e-05 8.759694116107589190e-01
8.718718718718718730e-01 1.033322650345347010e-01 2.064964040773257029e-02 4.868294745035989940e-05 8.759694116102827444e-01
8.728728728728728514e-01 1.033322650349304261e-01 2.064964040781127122e-02 4.868294745033353296e-05 8.759694116098083461e-01
8.738738738738738299e-01 1.033322650353247357e-01 2.064964040788968766e-02 4.868294745030726138e-05 8.759694116093357241e-01
8.748748748748749193e-01 1.033322650357176020e-01 2.064964040796781614e-02 4.868294745028109145e-05 8.759694116088646565e-01
8.758758758758758978e-01 1.033322650361090250e-01 2.064964040804566012e-02 4.868294745025500962e-05 8.759694116083954762e-01
8.768768768768768762e-01 1.033322650364990186e-01 2.064964040812321960e-02 4.868294745022902942e-05 8.759694116079279613e-01
8.778778778778778547e-01 1.033322650368875828e-01 2.064964040820049460e-02 4.868294745020313732e-05 8.759694116074621117e-01
8.788788788788788331e-01 1.033322650372747037e-01 2.064964040827748162e-02 4.868294745017734686e-05 8.759694116069980385e-01
8.798798798798799226e-01 1.033322650376603813e-01 2.064964040835418416e-02 4.868294745015165127e-05 8.759694116065356306e-01
8.808808808808809010e-01 1.033322650380446295e-01 2.064964040843060220e-02 4.868294745012605054e-05 8.759694116060749991e-01
8.818818818818818794e-01 1.033322650384274483e-01 2.064964040850673227e-02 4.868294745010054469e-05 8.759694116056161439e-01
8.828828828828828579e-01 1.033322650388088237e-01 2.064964040858257785e-02 4.868294745007513370e-05 8.759694116051589541e-01
8.838838838838838363e-01 1.033322650391887698e-01 2.064964040865813893e-02 4.868294745004981758e-05 8.759694116047034296e-01
8.848848848848849258e-01 1.033322650395672726e-01 2.064964040873341206e-02 4.868294745002460310e-05 8.759694116042496814e-01
8.858858858858859042e-01 1.033322650399443460e-01 2.064964040880840415e-02 4.868294744999947672e-05 8.759694116037977096e-01
8.868868868868868827e-01 1.033322650403199761e-01 2.064964040888310481e-02 4.868294744997445197e-05 8.759694116033472922e-01
8.878878878878878611e-01 1.033322650406941767e-01 2.064964040895752445e-02 4.868294744994952210e-05 8.759694116028987620e-01
8.888888888888888395e-01 1.033322650410669341e-01 2.064964040903165612e-02 4.868294744992468709e-05 8.759694116024518973e-01
8.898898898898899290e-01 1.033322650414382621e-01 2.064964040910550330e-02 4.868294744989994696e-05 8.759694116020066978e-01
8.908908908908909074e-01 1.033322650418081606e-01 2.064964040917906599e-02 4.868294744987530169e-05 8.759694116015632748e-01
8.918918918918918859e-01 1.033322650421766159e-01 2.064964040925234071e-02 4.868294744985075128e-05 8.759694116011216281e-01
8.928928928928928643e-01 1.033322650425436279e-01 2.064964040932533093e-02 4.868294744982630252e-05 8.759694116006816467e-01
8.938938938938938428e-01 1.033322650429092104e-01 2.064964040939803666e-02 4.868294744980194186e-05 8.759694116002433306e-01
8.948948948948949322e-01 1.033322650432733636e-01 2.064964040947045443e-02 4.868294744977768283e-05 8.759694115998067909e-01
8.958958958958959107e-01 1.033322650436360735e-01 2.064964040954258770e-02 4.868294744975351868e-05 8.759694115993720276e-01
8.968968968968968891e-01 1.033322650439973400e-01 2.064964040961443648e-02 4.868294744972944939e-05 8.759694115989389296e-01
8.978978978978978676e-01 1.033322650443571911e-01 2.064964040968599729e-02 4.868294744970547497e-05 8.759694115985074969e-01
8.988988988988988460e-01 1.033322650447155849e-01 2.064964040975727361e-02 4.868294744968159542e-05 8.759694115980778406e-01
8.998998998998999355e-01 1.033322650450725633e-01 2.064964040982826543e-02 4.868294744965781073e-05 8.759694115976499607e-01
9.009009009009009139e-01 1.033322650454280844e-01 2.064964040989897276e-02 4.868294744963412091e-05 8.759694115972237460e-01
9.019019019019018923e-01 1.033322650457821901e-01 2.064964040996939212e-02 4.868294744961053274e-05 8.759694115967991968e-01
9.029029029029028708e-01 1.033322650461348524e-01 2.064964041003952699e-02 4.868294744958703266e-05 8.759694115963764238e-01
9.039039039039038492e-01 1.033322650464860715e-01 2.064964041010937737e-02 4.868294744956363422e-05 8.759694115959554273e-01
9.049049049049049387e-01 1.033322650468358611e-01 2.064964041017893978e-02 4.868294744954033065e-05 8.759694115955360960e-01
9.059059059059059171e-01 1.033322650471842075e-01 2.064964041024821770e-02 4.868294744951712195e-05 8.759694115951184301e-01
9.069069069069068956e-01 1.033322650475311244e-01 2.064964041031721112e-02 4.868294744949400811e-05 8.759694115947025406e-01
9.079079079079078740e-01 1.033322650478766119e-01 2.064964041038591658e-02 4.868294744947098914e-05 8.759694115942884274e-01
9.089089089089088525e-01 1.033322650482206562e-01 2.064964041045433754e-02 4.868294744944806504e-05 8.759694115938759795e-01
9.099099099099099419e-01 1.033322650485632571e-01 2.064964041052247401e-02 4.868294744942524259e-05 8.759694115934651970e-01
9.109109109109109204e-01 1.033322650489044287e-01 2.064964041059032251e-02 4.868294744940250822e-05 8.759694115930561908e-01
9.119119119119118988e-01 1.033322650492441708e-01 2.064964041065788999e-02 4.868294744937987550e-05 8.759694115926489610e-01
9.129129129129128772e-01 1.033322650495824696e-01 2.064964041072516604e-02 4.868294744935733765e-05 8.759694115922433966e-01
9.139139139139138557e-01 1.033322650499193390e-01 2.064964041079216106e-02 4.868294744933488789e-05 8.759694115918396085e-01
9.149149149149149451e-01 1.033322650502547652e-01 2.064964041085886812e-02 4.868294744931253977e-05 8.759694115914374857e-01
9.159159159159159236e-01 1.033322650505887619e-01 2.064964041092529068e-02 4.868294744929029330e-05 8.759694115910370282e-01
9.169169169169169020e-01 1.033322650509213153e-01 2.064964041099142875e-02 4.868294744926813492e-05 8.759694115906383471e-01
9.179179179179178805e-01 1.033322650512524393e-01 2.064964041105727885e-02 4.868294744924607140e-05 8.759694115902414424e-01
9.189189189189188589e-01 1.033322650515821339e-01 2.064964041112284446e-02 4.868294744922410953e-05 8.759694115898462030e-01
9.199199199199199484e-01 1.033322650519103852e-01 2.064964041118812557e-02 4.868294744920223575e-05 8.759694115894527400e-01
9.209209209209209268e-01 1.033322650522371933e-01 2.064964041125311872e-02 4.868294744918046362e-05 8.759694115890609423e-01
9.219219219219219053e-01 1.033322650525625719e-01 2.064964041131782738e-02 4.868294744915878635e-05 8.759694115886708099e-01
9.229229229229228837e-01 1.033322650528865072e-01 2.064964041138225154e-02 4.868294744913720395e-05 8.759694115882824539e-01
9.239239239239238621e-01 1.033322650532090131e-01 2.064964041144639120e-02 4.868294744911571642e-05 8.759694115878958742e-01
9.249249249249249516e-01 1.033322650535300896e-01 2.064964041151024290e-02 4.868294744909432376e-05 8.759694115875109599e-01
9.259259259259259300e-01 1.033322650538497228e-01 2.064964041157381011e-02 4.868294744907302596e-05 8.759694115871278219e-01
9.269269269269269085e-01 1.033322650541679266e-01 2.064964041163708935e-02 4.868294744905182303e-05 8.759694115867463493e-01
9.279279279279278869e-01 1.033322650544846871e-01 2.064964041170008757e-02 4.868294744903072175e-05 8.759694115863666530e-01
9.289289289289288654e-01 1.033322650548000182e-01 2.064964041176279783e-02 4.868294744900971533e-05 8.759694115859886221e-01
9.299299299299299548e-01 1.033322650551139060e-01 2.064964041182522012e-02 4.868294744898879700e-05 8.759694115856122565e-01
9.309309309309309333e-01 1.033322650554263644e-01 2.064964041188736138e-02 4.868294744896798032e-05 8.759694115852377783e-01
9.319319319319319117e-01 1.033322650557373795e-01 2.064964041194921468e-02 4.868294744894725851e-05 8.759694115848648543e-01
9.329329329329328901e-01 1.033322650560469652e-01 2.064964041201078002e-02 4.868294744892663156e-05 8.759694115844937068e-01
9.339339339339339796e-01 1.033322650563551076e-01 2.064964041207206433e-02 4.868294744890610626e-05 8.759694115841243356e-01
9.349349349349349581e-01 1.033322650566618206e-01 2.064964041213306067e-02 4.868294744888566905e-05 8.759694115837566297e-01
9.359359359359359365e-01 1.033322650569671042e-01 2.064964041219377253e-02 4.868294744886532670e-05 8.759694115833907002e-01
9.369369369369369149e-01 1.033322650572709445e-01 2.064964041225419641e-02 4.868294744884508601e-05 8.759694115830264360e-01
9.379379379379378934e-01 1.033322650575733415e-01 2.064964041231433581e-02 4.868294744882494017e-05 8.759694115826639482e-01
9.389389389389389828e-01 1.033322650578743090e-01 2.064964041237419071e-02 4.868294744880488921e-05 8.759694115823031257e-01
9.399399399399399613e-01 1.033322650581738472e-01 2.064964041243376111e-02 4.868294744878493311e-05 8.759694115819439686e-01
9.409409409409409397e-01 1.033322650584719421e-01 2.064964041249304355e-02 4.868294744876507189e-05 8.759694115815866988e-01
9.419419419419419182e-01 1.033322650587686076e-01 2.064964041255204150e-02 4.868294744874530552e-05 8.759694115812309834e-01
9.429429429429428966e-01 1.033322650590638297e-01 2.064964041261075495e-02 4.868294744872563403e-05 8.759694115808771553e-01
9.439439439439439861e-01 1.033322650593576225e-01 2.064964041266918043e-02 4.868294744870605741e-05 8.759694115805248815e-01
9.449449449449449645e-01 1.033322650596499720e-01 2.064964041272732143e-02 4.868294744868658242e-05 8.759694115801743841e-01
9.459459459459459429e-01 1.033322650599408921e-01 2.064964041278517792e-02 4.868294744866720231e-05 8.759694115798256631e-01
9.469469469469469214e-01 1.033322650602303688e-01 2.064964041284274646e-02 4.868294744864791029e-05 8.759694115794786073e-01
9.479479479479478998e-01 1.033322650605184162e-01 2.064964041290003050e-02 4.868294744862871991e-05 8.759694115791333280e-01
9.489489489489489893e-01 1.033322650608050203e-01 2.064964041295703004e-02 4.868294744860962440e-05 8.759694115787897140e-01
9.499499499499499677e-01 1.033322650610901949e-01 2.064964041301374509e-02 4.868294744859062376e-05 8.759694115784478763e-01
9.509509509509509462e-01 1.033322650613739402e-01 2.064964041307017217e-02 4.868294744857172476e-05 8.759694115781077040e-01
9.519519519519519246e-01 1.033322650616562421e-01 2.064964041312631476e-02 4.868294744855291385e-05 8.759694115777693080e-01
9.529529529529529031e-01 1.033322650619371008e-01 2.064964041318216939e-02 4.868294744853419781e-05 8.759694115774325773e-01
9.539539539539539925e-01 1.033322650622165301e-01 2.064964041323774299e-02 4.868294744851558341e-05 8.759694115770976230e-01
9.549549549549549710e-01 1.033322650624945299e-01 2.064964041329302863e-02 4.868294744849706388e-05 8.759694115767643341e-01
9.559559559559559494e-01 1.033322650627710865e-01 2.064964041334802630e-02 4.868294744847863922e-05 8.759694115764328215e-01
9.569569569569569278e-01 1.033322650630462136e-01 2.064964041340274295e-02 4.868294744846030943e-05 8.759694115761029742e-01
9.579579579579579063e-01 1.033322650633198975e-01 2.064964041345717163e-02 4.868294744844207451e-05 8.759694115757749033e-01
9.589589589589589957e-01 1.033322650635921380e-01 2.064964041351131582e-02 4.868294744842393445e-05 8.759694115754484978e-01
9.599599599599599742e-01 1.033322650638629631e-01 2.064964041356517205e-02 4.868294744840588926e-05 8.759694115751238686e-01
9.609609609609609526e-01 1.033322650641323448e-01 2.064964041361874378e-02 4.868294744838793894e-05 8.759694115748009047e-01
9.619619619619619311e-01 1.033322650644002832e-01 2.064964041367203101e-02 4.868294744837009026e-05 8.759694115744797172e-01
9.629629629629629095e-01 1.033322650646667923e-01 2.064964041372503376e-02 4.868294744835233645e-05 8.759694115741601950e-01
9.639639639639639990e-01 1.033322650649318580e-01 2.064964041377774853e-02 4.868294744833467073e-05 8.759694115738424491e-01
9.649649649649649774e-01 1.033322650651954944e-01 2.064964041383017881e-02 4.868294744831710665e-05 8.759694115735264797e-01
9.659659659659659559e-01 1.033322650654577013e-01 2.064964041388232113e-02 4.868294744829963744e-05 8.759694115732120645e-01
9.669669669669669343e-01 1.033322650657184649e-01 2.064964041393418243e-02 4.868294744828226311e-05 8.759694115728995367e-01
9.679679679679679127e-01 1.033322650659777853e-01 2.064964041398575575e-02 4.868294744826499041e-05 8.759694115725885633e-01
9.689689689689690022e-01 1.033322650662356762e-01 2.064964041403704112e-02 4.868294744824780580e-05 8.759694115722794772e-01
9.699699699699699806e-01 1.033322650664921377e-01 2.064964041408804546e-02 4.868294744823072284e-05 8.759694115719720564e-01
9.709709709709709591e-01 1.033322650667471559e-01 2.064964041413876183e-02 4.868294744821372798e-05 8.759694115716663010e-01
9.719719719719719375e-01 1.033322650670007448e-01 2.064964041418919372e-02 4.868294744819683475e-05 8.759694115713623219e-01
9.729729729729729160e-01 1.033322650672528903e-01 2.064964041423933763e-02 4.868294744818003639e-05 8.759694115710600082e-01
9.739739739739740054e-01 1.033322650675035925e-01 2.064964041428919705e-02 4.868294744816333290e-05 8.759694115707594708e-01
9.749749749749749839e-01 1.033322650677528792e-01 2.064964041433877198e-02 4.868294744814672428e-05 8.759694115704605988e-01
9.759759759759759623e-01 1.033322650680007226e-01 2.064964041438806241e-02 4.868294744813021053e-05 8.759694115701635031e-01
9.769769769769769407e-01 1.033322650682471228e-01 2.064964041443706488e-02 4.868294744811379164e-05 8.759694115698680728e-01
9.779779779779779192e-01 1.033322650684920935e-01 2.064964041448578286e-02 4.868294744809747440e-05 8.759694115695744188e-01
9.789789789789790087e-01 1.033322650687356209e-01 2.064964041453421287e-02 4.868294744808124525e-05 8.759694115692825411e-01
9.799799799799799871e-01 1.033322650689777189e-01 2.064964041458236185e-02 4.868294744806511774e-05 8.759694115689923288e-01
9.809809809809809655e-01 1.033322650692183875e-01 2.064964041463022287e-02 4.868294744804908510e-05 8.759694115687037819e-01
9.819819819819819440e-01 1.033322650694576128e-01 2.064964041467779593e-02 4.868294744803314055e-05 8.759694115684170113e-01
9.829829829829829224e-01 1.033322650696953948e-01 2.064964041472508796e-02 4.868294744801729765e-05 8.759694115681319060e-01
9.839839839839840119e-01 1.033322650699317474e-01 2.064964041477209203e-02 4.868294744800155639e-05 8.759694115678485771e-01
9.849849849849849903e-01 1.033322650701666706e-01 2.064964041481881160e-02 4.868294744798590322e-05 8.759694115675669135e-01
9.859859859859859688e-01 1.033322650704001505e-01 2.064964041486524321e-02 4.868294744797034492e-05 8.759694115672870263e-01
9.869869869869869472e-01 1.033322650706322010e-01 2.064964041491139032e-02 4.868294744795488826e-05 8.759694115670089154e-01
9.879879879879879256e-01 1.033322650708628082e-01 2.064964041495725294e-02 4.868294744793951969e-05 8.759694115667324699e-01
9.889889889889890151e-01 1.033322650710919860e-01 2.064964041500283107e-02 4.868294744792425277e-05 8.759694115664576897e-01
9.899899899899899935e-01 1.033322650713197205e-01 2.064964041504812123e-02 4.868294744790908072e-05 8.759694115661846858e-01
9.909909909909909720e-01 1.033322650715460256e-01 2.064964041509312689e-02 4.868294744789400353e-05 8.759694115659133473e-01
9.919919919919919504e-01 1.033322650717708874e-01 2.064964041513784807e-02 4.868294744787902121e-05 8.759694115656437852e-01
9.929929929929930399e-01 1.033322650719943198e-01 2.064964041518228127e-02 4.868294744786413376e-05 8.759694115653759994e-01
9.939939939939940183e-01 1.033322650722163089e-01 2.064964041522642998e-02 4.868294744784934118e-05 8.759694115651098789e-01
9.949949949949949968e-01 1.033322650724368685e-01 2.064964041527029420e-02 4.868294744783465024e-05 8.759694115648454238e-01
9.959959959959959752e-01 1.033322650726559988e-01 2.064964041531387046e-02 4.868294744782004739e-05 8.759694115645827450e-01
9.969969969969969537e-01 1.033322650728736858e-01 2.064964041535716222e-02 4.868294744780554619e-05 8.759694115643217316e-01
9.979979979979980431e-01 1.033322650730899295e-01 2.064964041540016948e-02 4.868294744779113985e-05 8.759694115640624945e-01
9.989989989989990216e-01 1.033322650733047438e-01 2.064964041544288878e-02 4.868294744777682838e-05 8.759694115638050338e-01
1.000000000000000000e+00 1.033322650735181286e-01 2.064964041548532706e-02 4.868294744776261178e-05 8.759694115635492384e-01
