{
    "mec": {
        "REACTANT=PROD_SN2": {
            "373.15": [
                35.46276037024275,
                3.7624616069251835e-07
            ]
        },
        "REACTANT=PROD_E2": {
            "373.15": [
                0.2515305535810539,
                1.096097472851119e-05
            ]
        }
    },
    "time": "0 1e-1 1000",
    "initial_values": {
        "REACTANT": 1
    }
}
