{
    "mec": {
        "REACTANT=PROD_SN2": {
            "373.15": [
                0.04501248494258326,
                1.3533491034974123e-10
            ]
        },
        "REACTANT=PROD_E2": {
            "373.15": [
                7.38512588844104e-06,
                9.119974910220328e-11
            ]
        }
    },
    "time": "0 100 1000",
    "initial_values": {
        "REACTANT": 1
    }
}
