{
    "mec": {
        "REACTANT=PROD_SN2": {
            "373.15": [
                37167.74749272295,
                3.0499297855063323e-06
            ]
        },
        "REACTANT=PROD_E2": {
            "373.15": [
                19082.598559711543,
                0.006431614471223735
            ]
        }
    },
    "time": "0 1e-4 1000",
    "initial_values": {
        "REACTANT": 1
    }
}
