{
    "mec": {
        "REACTANT=PROD_SN2": {
            "373.15": [
                290.7412824954135,
                1.8761200707055777e-06
            ]
        },
        "REACTANT=PROD_E2": {
            "373.15": [
                20.49801160074785,
                0.0005432810446927026
            ]
        }
    },
    "time": "0 5e-2 1000",
    "initial_values": {
        "REACTANT": 1
    }
}
